cust_id,cust_name,last_name,email,gender,phone_no,cust_city
75-579-5777,Nissy,Ottam,nottam0@sogou.com,Female,282-994-3204,Jawa
32-565-0252,Chariot,Scotfurth,cscotfurth1@nbcnews.com,Male,205-177-1806,Sorinomo
32-236-2393,Abagael,McCoole,amccoole2@hatena.ne.jp,Female,489-316-2784,Luopu
55-030-2700,Chelsy,Fiddyment,cfiddyment3@ucsd.edu,Female,111-972-6979,Izobil’nyy
46-141-1966,Tiff,Desseine,tdesseine4@techcrunch.com,Agender,665-518-9775,Nishinomiya-hama
56-979-1949,Averill,Depper,adepper5@jigsy.com,Male,864-291-6951,Greenville
26-616-5627,Amandi,Di Claudio,adiclaudio6@ft.com,Female,594-529-3080,Chakou
41-173-7629,Rici,Hurn,rhurn7@cbsnews.com,Female,627-790-8830,Santa Maria
34-656-5154,Cullin,Litzmann,clitzmann8@example.com,Male,478-672-8281,Río Limpio
73-937-8868,Holmes,Medley,hmedley9@exblog.jp,Genderfluid,815-860-1745,Eshan
75-081-9510,Ashlen,Baxill,abaxilla@marriott.com,Female,752-422-3140,Podgórzyn
25-188-7415,Chiquia,Greenstead,cgreensteadb@oracle.com,Female,194-826-6442,Mórrope
64-685-0340,Filippa,Pillman,fpillmanc@netscape.com,Female,179-452-2672,Muḩradah
61-126-7275,Alaster,Abrahams,aabrahamsd@chronoengine.com,Male,882-374-0276,Horní Bříza
36-064-2690,Nikola,D'Antuoni,ndantuonie@blogs.com,Male,771-673-1613,Cawayan
04-961-8086,Hewie,Leehane,hleehanef@instagram.com,Male,875-794-1671,Brwinów
61-504-4187,Delinda,Ladbury,dladburyg@about.com,Non-binary,130-933-1964,Columbeira
59-685-2211,Glynn,Curling,gcurlingh@oracle.com,Male,596-809-8959,Sapataria
37-167-8727,Todd,Pietz,tpietzi@cdbaby.com,Male,312-666-0467,Minusinsk
58-027-4550,Alfy,Bollard,abollardj@netscape.com,Male,189-316-0602,Shangying
99-715-1796,Albertine,Scales,ascalesk@scribd.com,Female,731-208-6367,Al Funayţīs
49-390-4039,Joye,Henaughan,jhenaughanl@bigcartel.com,Female,213-273-2816,Calebasses
22-298-5977,Jonell,Phillip,jphillipm@pagesperso-orange.fr,Genderqueer,763-474-5753,Cuozheqiangma
01-989-2737,Essa,Osborne,eosbornen@sun.com,Female,344-941-7185,Rio Novo do Sul
85-173-6203,Carilyn,Libby,clibbyo@princeton.edu,Female,597-734-2895,Ingenio La Esperanza
68-551-9437,Sileas,Duggon,sduggonp@yahoo.co.jp,Bigender,457-216-5699,Bandundu
75-231-1953,Isobel,Lisimore,ilisimoreq@nba.com,Female,259-425-2714,Cherskiy
42-347-3496,Alejoa,Crebbin,acrebbinr@over-blog.com,Male,631-637-7949,Jales
17-758-1630,Emelda,Kornyakov,ekornyakovs@addtoany.com,Female,104-472-9404,KwaMbonambi
51-265-2608,Morissa,Schooley,mschooleyt@ask.com,Female,243-259-7898,Boljevci
93-467-5002,Forester,Gelderd,fgelderdu@tuttocitta.it,Male,273-498-9842,Port-à-Piment
79-565-7647,Lethia,Yantsurev,lyantsurevv@buzzfeed.com,Female,317-639-5645,Indianapolis
20-972-3834,Kariotta,Godehard.sf,kgodehardsfw@infoseek.co.jp,Female,527-387-9206,Ishige
21-807-2763,Carlynn,Do,cdox@t.co,Female,753-974-3831,Svalöv
56-842-4732,Corrianne,Shalders,cshaldersy@businessinsider.com,Female,570-992-8092,Molinos
96-108-9916,Cass,Dybell,cdybellz@netscape.com,Male,374-263-1538,Bajia
57-415-9524,Nettie,Bulch,nbulch10@technorati.com,Genderfluid,565-552-8583,Nanyuki
85-088-6648,Don,Clementel,dclementel11@answers.com,Male,417-298-8440,Orós
57-755-9067,Sutherlan,Worcs,sworcs12@theatlantic.com,Male,838-450-9895,Huacao
21-621-8098,Angelle,Scoggans,ascoggans13@illinois.edu,Female,825-406-5566,Jiangwang
84-476-5520,Alvy,Arghent,aarghent14@homestead.com,Male,717-444-5214,Pinrang
62-135-4366,Allyson,Cruce,acruce15@example.com,Female,862-834-1974,Uman’
90-407-7050,Tynan,Carrack,tcarrack16@nhs.uk,Male,759-457-8426,Xindai
65-973-6259,Rachelle,Pottberry,rpottberry17@webeden.co.uk,Female,824-146-5579,Shibetsu
35-454-6233,Lu,Fulep,lfulep18@meetup.com,Female,457-686-3121,Amiens
12-889-1619,Quillan,Mann,qmann19@dedecms.com,Male,673-443-6001,Shādegān
58-443-0200,Cristiano,McLagan,cmclagan1a@pen.io,Male,832-782-4821,Kebonjaya
07-441-6999,Jareb,Hitzmann,jhitzmann1b@people.com.cn,Male,345-186-9499,Grigiškės
77-106-1134,Wendie,Kirkby,wkirkby1c@friendfeed.com,Female,194-543-3768,Sathon
01-672-2063,Violette,Colles,vcolles1d@bloglovin.com,Female,987-339-5349,Akat Amnuai
67-638-3776,Skipp,Petley,spetley1e@wired.com,Male,278-990-2731,Alençon
76-180-0691,Filippa,Confait,fconfait1f@elpais.com,Female,342-217-0372,Sylvan Lake
98-258-5154,Enos,Fromont,efromont1g@bloglovin.com,Male,468-797-6351,Hexi
84-929-2175,Cos,Mackro,cmackro1h@pinterest.com,Male,550-838-6727,Sanguanzhai
54-726-7483,Collin,Troak,ctroak1i@webs.com,Male,526-749-0363,Akim Oda
78-095-5574,Del,Ferrolli,dferrolli1j@salon.com,Male,350-955-8601,Riachos
01-315-4237,Berny,Trott,btrott1k@ebay.com,Female,563-221-5466,Kristinehamn
93-089-1662,Clemmy,Hemshall,chemshall1l@clickbank.net,Male,318-612-1150,Bhamo
00-772-9209,Niccolo,Leblanc,nleblanc1m@examiner.com,Non-binary,514-612-4873,Tumcon Ilawod
45-982-1010,Lucille,Fugere,lfugere1n@ucsd.edu,Female,277-395-2424,Oesena
66-509-2577,Esmaria,Ughini,eughini1o@blogger.com,Female,493-474-2249,Mórrope
36-430-0006,Karita,Demicoli,kdemicoli1p@phpbb.com,Female,716-753-0408,Lobuk
80-453-3483,Leanna,Mugford,lmugford1q@cyberchimps.com,Female,831-177-7507,Urazovka
51-396-6290,Nil,Skough,nskough1r@tamu.edu,Polygender,850-799-3700,Pasararba
62-185-9319,Marieann,Tuplin,mtuplin1s@accuweather.com,Bigender,841-266-1875,Sioguí Arriba
14-263-2875,Merlina,Pittem,mpittem1t@github.io,Female,531-754-0609,Bailingnao
23-340-1324,Josephine,Beaver,jbeaver1u@boston.com,Female,256-838-5468,Huntsville
31-626-4909,Yard,Percival,ypercival1v@disqus.com,Male,121-453-5135,Palilula
64-890-2881,Carleen,Pollard,cpollard1w@ed.gov,Female,888-148-1279,Kenzhe
65-970-8811,Ursa,Shinn,ushinn1x@google.de,Female,962-162-2313,Ýdra
03-684-6835,Lewiss,Northfield,lnorthfield1y@un.org,Male,351-481-9476,Cortinhas
13-928-7188,Marybeth,Draycott,mdraycott1z@globo.com,Female,523-343-0042,Taozhuang
46-722-3473,Bertram,Wetherby,bwetherby20@skype.com,Male,580-538-8482,Benito Juarez
27-042-6297,Dari,Hakes,dhakes21@ycombinator.com,Female,921-529-0683,Kabba
95-059-8967,Poul,Essery,pessery22@mit.edu,Male,426-868-6427,Karangmulya
39-620-1066,Marylynne,Campkin,mcampkin23@multiply.com,Female,714-673-3784,Aţ Ţaybah
38-458-7441,Cherilyn,Hovert,chovert24@msu.edu,Female,231-704-8630,Volnovakha
68-593-0427,Sterne,Medlicott,smedlicott25@hibu.com,Male,196-205-2310,Petrijevci
87-184-2659,Skipp,Flanders,sflanders26@nps.gov,Male,907-700-3090,Palpalá
95-780-7646,Freddie,D'Costa,fdcosta27@squarespace.com,Male,599-901-3975,Jiangguanchi
97-047-9253,Enrico,Brody,ebrody28@adobe.com,Male,405-582-5783,Oklahoma City
67-230-9265,Renado,Trainer,rtrainer29@hud.gov,Non-binary,459-402-6657,Staroutkinsk
66-533-7282,Carlos,Marshall,cmarshall2a@ca.gov,Male,480-881-9723,Akora
46-667-9115,Diarmid,Hardware,dhardware2b@latimes.com,Male,539-692-5629,Koíla
91-910-1048,Violante,Antrum,vantrum2c@slashdot.org,Female,571-525-2236,Āzādshahr
22-992-8257,Mallissa,Van't Hoff,mvanthoff2d@diigo.com,Female,377-292-5869,Porirua
40-271-1010,Morgan,Carlozzi,mcarlozzi2e@skyrock.com,Female,197-786-9630,Quiling
29-291-6580,Milena,Burbury,mburbury2f@elegantthemes.com,Genderfluid,728-939-8416,Zdíkov
83-397-7111,Arie,Lomasney,alomasney2g@cbslocal.com,Male,318-453-1112,Shangju
56-733-4505,Patsy,Kiffin,pkiffin2h@amazon.de,Female,209-941-6315,Lodwar
90-093-1503,Ottilie,Scruby,oscruby2i@flickr.com,Female,304-809-8676,Nianyushan
71-661-8255,Jameson,Shory,jshory2j@hud.gov,Male,179-445-1369,Xintian
32-590-9249,Agatha,Zoppo,azoppo2k@stanford.edu,Female,231-243-2636,Nyangao
64-221-1182,Dorolice,Le Claire,dleclaire2l@nydailynews.com,Female,989-592-2853,Tarui
13-846-3189,Helaina,Farrah,hfarrah2m@amazonaws.com,Female,999-715-8094,Borgholm
78-108-7159,Nadine,Jamblin,njamblin2n@surveymonkey.com,Female,429-783-7079,Lungaog
36-823-0938,Jaymie,O'Kennavain,jokennavain2o@digg.com,Genderqueer,156-908-0645,Suibara
29-690-0626,Cthrine,Hawkyens,chawkyens2p@fda.gov,Female,154-144-4987,Koumac
10-214-0692,Buffy,Domingues,bdomingues2q@bing.com,Female,304-250-6235,Maceda
04-170-3807,Ricardo,Wyss,rwyss2r@fastcompany.com,Male,779-327-4766,Roodepoort
26-468-8130,Merell,Alenin,malenin2s@tiny.cc,Male,966-735-4564,Qincheng
51-348-2474,Saunder,Burgh,sburgh2t@infoseek.co.jp,Male,414-322-3252,Al Munīrah
68-835-8287,Thurston,Durbin,tdurbin2u@mediafire.com,Male,744-441-8800,Atimonan
18-305-5164,Sandie,Goulbourne,sgoulbourne2v@devhub.com,Female,305-535-7785,Jurak Lao’
14-913-0838,Rosalie,Kneel,rkneel2w@ftc.gov,Female,466-226-2568,Krajan
11-856-4660,Erminia,Tainton,etainton2x@springer.com,Female,688-883-9594,Kuala Lumpur
34-940-5934,Alexandro,Ortiga,aortiga2y@cbslocal.com,Polygender,353-944-3049,Piritiba
68-386-3799,Cindy,Lyenyng,clyenyng2z@archive.org,Female,945-170-2543,Nularan
70-392-9564,Roseann,Hounsham,rhounsham30@t.co,Female,853-444-4962,Shicong
10-148-6407,Stacey,Ondrasek,sondrasek31@wordpress.org,Female,839-888-6790,Pasadena
11-317-0734,Corny,Mushart,cmushart32@epa.gov,Male,254-120-6705,Agen
52-511-4650,Desmund,Spelling,dspelling33@meetup.com,Male,833-631-6321,Xibu
21-692-0967,Ottilie,Ormonde,oormonde34@usatoday.com,Female,142-115-6816,Yuntan
18-483-0769,Leighton,Bonin,lbonin35@princeton.edu,Male,945-367-6520,Mwene-Ditu
19-723-1643,Obie,Penas,openas36@yandex.ru,Male,472-799-8196,Västervik
38-019-6418,Bailey,Erbe,berbe37@lulu.com,Male,547-535-1421,Wujia
60-897-8579,Brietta,Lorrimer,blorrimer38@sbwire.com,Female,999-757-3957,Winangun
27-896-3923,Coriss,Fuentez,cfuentez39@google.co.jp,Female,540-691-3283,Roanoke
92-444-6205,Thaddus,Santore,tsantore3a@flickr.com,Male,843-566-6033,Kut Chum
89-711-5593,Katerine,Cattlemull,kcattlemull3b@shutterfly.com,Female,914-238-1472,Ucluelet
14-174-0670,Florentia,Theunissen,ftheunissen3c@wisc.edu,Female,847-916-0513,Yangjiaping
59-968-7299,Paolo,Arnli,parnli3d@google.co.uk,Male,249-946-2313,Néa Mákri
52-509-9935,Giselle,Dimmick,gdimmick3e@edublogs.org,Genderfluid,176-568-8668,Chadian
24-572-6380,Tiphany,Feavyour,tfeavyour3f@narod.ru,Female,800-454-4792,Lukou
45-734-5612,Orland,Featonby,ofeatonby3g@chicagotribune.com,Male,824-640-7932,Pasrūr
61-622-5285,Trista,Sellek,tsellek3h@wired.com,Female,310-326-7528,Três Corações
05-987-6787,Heda,Tooze,htooze3i@dagondesign.com,Female,936-414-3224,Prochnookopskaya
03-605-1795,Ricardo,Grastye,rgrastye3j@samsung.com,Male,353-779-3920,Altenberg bei Linz
02-057-1791,Betty,Somerscales,bsomerscales3k@spiegel.de,Genderfluid,950-971-6900,Mizhou
04-353-0423,Sutherlan,Maddock,smaddock3l@aboutads.info,Male,206-170-8826,Haoxinying
10-285-8786,Jayme,Pol,jpol3m@blogs.com,Male,101-111-1768,Orsha
01-882-0448,Mordecai,Grantham,mgrantham3n@usda.gov,Male,996-665-8634,Ban Phan Don
69-445-0223,Lorrin,Ismead,lismead3o@illinois.edu,Female,707-919-4748,Masape
12-362-9294,Axe,Haccleton,ahaccleton3p@prlog.org,Male,348-938-4910,Rodionovo-Nesvetayskaya
04-665-6842,Geraldine,Glassup,gglassup3q@4shared.com,Female,337-761-5296,Esfarāyen
55-043-8909,Dorene,McHenry,dmchenry3r@privacy.gov.au,Female,228-407-9010,Leipsoí
75-628-9792,Archibold,Heball,aheball3s@zimbio.com,Male,738-215-0530,Antequera
05-098-8078,Edgard,Freke,efreke3t@about.com,Male,373-951-5319,Bumbuna
30-819-5771,Siegfried,Northfield,snorthfield3u@arizona.edu,Male,296-559-9151,Mpongwe
51-126-6292,Waring,Thackston,wthackston3v@imdb.com,Male,692-559-0777,Thị Trấn Lâm
30-924-4925,Zara,Batty,zbatty3w@bing.com,Female,984-842-6316,Progreso
15-508-8213,Tobie,Smolan,tsmolan3x@studiopress.com,Male,497-751-3076,Sarakhs
30-069-9148,Rubia,Glowacki,rglowacki3y@edublogs.org,Female,964-998-1322,Piteå
35-164-5569,Alix,Aishford,aaishford3z@github.com,Female,898-660-0754,La Concepción
90-212-7442,Rosana,MacPike,rmacpike40@japanpost.jp,Female,316-862-3016,Boa Esperança
29-466-8255,Lara,Childerley,lchilderley41@godaddy.com,Female,421-496-1622,San Luis
29-572-1339,Dolly,Bromwich,dbromwich42@purevolume.com,Female,701-321-3709,Callanca
24-726-5800,Nelli,Behnke,nbehnke43@accuweather.com,Female,391-407-1101,Trinity Ville
69-311-0692,Emogene,McDoual,emcdoual44@ucoz.com,Female,321-512-7255,Ketovo
92-979-8720,Laurel,Apperley,lapperley45@yahoo.com,Female,914-880-9517,Tiemen
02-413-9820,Clemmie,Portman,cportman46@wsj.com,Female,837-184-9176,Cigintung
07-574-1052,Fee,Liversage,fliversage47@thetimes.co.uk,Male,169-457-6304,Daqiao
13-323-2122,Madel,Lammerding,mlammerding48@shop-pro.jp,Female,950-728-8314,‘Ibrī
95-199-2826,Sella,MacGille,smacgille49@gravatar.com,Female,676-352-1029,Gigant
82-085-3449,Winni,Hedges,whedges4a@theglobeandmail.com,Female,127-871-5326,Chalcos
47-849-3544,Terence,Stirman,tstirman4b@blinklist.com,Male,906-268-5548,Huanza
71-524-8175,Gaylor,Verbeke,gverbeke4c@wp.com,Male,512-421-8632,Dondon
24-870-0663,Nert,Cavendish,ncavendish4d@omniture.com,Female,239-217-4768,Larochette
31-406-6378,Carmine,Zmitrichenko,czmitrichenko4e@odnoklassniki.ru,Male,363-227-8794,Talalora
05-385-7293,Guinna,Tuer,gtuer4f@odnoklassniki.ru,Female,234-107-1387,Longtian
44-847-2075,Clair,McCartan,cmccartan4g@skype.com,Male,466-277-2875,Motema
80-274-9383,Gerda,Molohan,gmolohan4h@meetup.com,Female,368-707-0486,Karlstad
67-054-1617,Mattheus,Rattry,mrattry4i@latimes.com,Male,896-528-9212,Castelo
93-820-3574,Aloysia,Coon,acoon4j@sciencedaily.com,Female,477-818-0231,Marquard
39-650-4641,Patten,Shelvey,pshelvey4k@list-manage.com,Male,366-967-4936,Stulovo
42-449-8984,Merilyn,Barrim,mbarrim4l@msn.com,Genderqueer,760-364-6118,Limoeiro do Norte
97-085-5522,Arabele,Pyffe,apyffe4m@plala.or.jp,Female,857-266-2187,Tubigan
40-898-0060,Noni,Abatelli,nabatelli4n@cbsnews.com,Polygender,366-842-1729,København
74-403-2593,Harlie,Bricket,hbricket4o@tripadvisor.com,Female,439-744-5275,Gornji Breg
41-936-6904,Ozzy,Pinn,opinn4p@qq.com,Male,965-903-7323,Sanjian
95-592-2666,Giuseppe,Braunlein,gbraunlein4q@scribd.com,Male,787-539-2954,Kruhlaye
96-399-3990,Eyde,Boorne,eboorne4r@ning.com,Female,137-269-9755,Zoumi
56-357-9000,Jedd,Dinsale,jdinsale4s@reverbnation.com,Genderqueer,101-554-8646,Parumaan
97-291-6049,Justin,Furmonger,jfurmonger4t@bravesites.com,Male,918-639-3935,Jiangyi
63-976-4843,Rodrick,Giron,rgiron4u@youtube.com,Male,617-314-7048,Harjavalta
40-234-0975,Mora,Diloway,mdiloway4v@webnode.com,Agender,391-263-0263,Göteborg
59-722-2347,Jaimie,Spooner,jspooner4w@oaic.gov.au,Female,173-531-0037,Hovd
40-548-2852,Caren,Lummis,clummis4x@nifty.com,Female,547-835-4145,İsmayıllı
40-929-0949,Thorstein,Nore,tnore4y@independent.co.uk,Genderfluid,708-913-1750,Doubrava
98-481-6415,Gregorio,Thornhill,gthornhill4z@ow.ly,Male,459-347-3561,Lingkou
06-365-5400,Normy,Dell,ndell50@rakuten.co.jp,Male,912-392-3919,Fuenlabrada
27-937-2247,Padgett,Matura,pmatura51@ebay.co.uk,Male,180-263-8080,Jayyūs
20-430-6767,Zak,Pietri,zpietri52@com.com,Male,233-760-2029,Himi
28-273-2054,Arron,Angrove,aangrove53@dyndns.org,Male,769-619-5799,Gobojango
40-443-6896,Arielle,Quiddinton,aquiddinton54@berkeley.edu,Female,314-448-2039,Haguenau
63-299-1964,Deloris,Searchwell,dsearchwell55@seattletimes.com,Female,212-463-2641,Penedo
40-581-9371,Pansy,Creber,pcreber56@printfriendly.com,Polygender,734-693-4164,Krajan
40-685-0070,Marta,Eldredge,meldredge57@illinois.edu,Genderqueer,941-446-8154,Punta Gorda
50-472-7242,Myriam,Le Bosse,mlebosse58@wiley.com,Female,150-719-1445,Krenggan
17-440-0680,Zoe,McKew,zmckew59@answers.com,Female,499-847-2267,Ḩuwwārah
79-913-1711,Terrijo,Putterill,tputterill5a@gnu.org,Female,429-154-7403,Sattahip
64-274-4711,Mady,Polglase,mpolglase5b@dailymail.co.uk,Genderfluid,893-362-5611,Ljungby
69-169-3717,Allister,Thoday,athoday5c@ucoz.ru,Genderqueer,265-823-1549,Daphu
77-206-8011,Cornie,Gally,cgally5d@huffingtonpost.com,Male,658-615-8739,Tecka
25-502-4546,Ingram,Bastard,ibastard5e@gmpg.org,Male,163-153-7317,Baokou
26-625-1424,Erminie,Robathon,erobathon5f@51.la,Female,854-429-3333,Garoua
85-901-7149,Shelba,Shillito,sshillito5g@myspace.com,Female,753-561-1521,Chapecó
95-074-5721,Hamil,Bindley,hbindley5h@hibu.com,Male,442-532-5175,Kramat
08-446-3458,Berni,Olivas,bolivas5i@trellian.com,Female,780-639-0198,Maurole
28-369-9311,Leo,Bazoche,lbazoche5j@sina.com.cn,Male,243-378-7827,Ust’-Kachka
19-066-8399,Dunc,Shorie,dshorie5k@feedburner.com,Male,850-943-3724,Smolensk
55-739-1252,Morgan,Gittus,mgittus5l@ycombinator.com,Male,261-711-7022,Verin Dvin
99-639-7040,Joete,Moran,jmoran5m@multiply.com,Female,658-853-7664,Nikol’sk
31-108-6993,Jerald,Quipp,jquipp5n@bizjournals.com,Male,682-735-8123,Longka
66-492-7409,Myrlene,Gebuhr,mgebuhr5o@latimes.com,Female,444-683-7832,Pinsk
24-560-4679,Shea,Stait,sstait5p@spotify.com,Male,371-332-3635,Rawa Satu
23-867-8276,Anton,Schreurs,aschreurs5q@eventbrite.com,Male,687-499-6810,Rozhdestveno
74-412-0353,Bella,Brundill,bbrundill5r@moonfruit.com,Female,957-291-7613,Gaotian
41-893-9869,Holt,O'Canavan,hocanavan5s@elegantthemes.com,Male,935-494-4287,Ţāmiyah
91-134-3022,Andris,Camocke,acamocke5t@gov.uk,Male,912-326-5911,Ōzu
60-513-8190,Anatole,Wilsher,awilsher5u@aol.com,Male,966-756-0369,Bulgan
45-434-8641,Brig,Aspy,baspy5v@cmu.edu,Male,249-709-3789,Shenkou
14-256-1047,Dayna,Pagan,dpagan5w@mlb.com,Female,431-992-4205,Banaybanay
35-384-8745,Ferd,Gardner,fgardner5x@chron.com,Male,583-128-8592,Kalmunai
75-513-8556,Cynthea,Perrigo,cperrigo5y@mac.com,Female,954-454-1064,Orlando
72-260-1456,Jamill,Clayworth,jclayworth5z@amazon.co.uk,Polygender,101-402-8656,Dankalwa
93-774-5420,Hartley,Noir,hnoir60@archive.org,Male,863-979-8931,Malati
03-109-4235,Robinson,Reuss,rreuss61@bbb.org,Male,241-327-6376,Guaymango
02-066-2465,Nevsa,Lavallin,nlavallin62@icq.com,Female,241-517-2345,Jesús María
01-965-9636,Jefferson,Rajchert,jrajchert63@earthlink.net,Male,861-428-0935,Karlskoga
18-729-9610,Alma,Beevors,abeevors64@cloudflare.com,Female,143-637-7059,Czarna
68-989-4626,Teodoor,Mutter,tmutter65@dailymotion.com,Male,848-714-4286,Pukë
41-171-9678,Fidelia,Iley,filey66@gov.uk,Female,765-911-7710,Sterlitamak
61-711-9950,Harrison,Lydon,hlydon67@boston.com,Male,252-377-5088,Sollefteå
58-273-6179,Kylila,Village,kvillage68@is.gd,Female,606-980-2511,Guxi
07-822-0679,Melodee,Yeliashev,myeliashev69@slate.com,Female,264-623-4215,Wiyayu Barat
48-096-2012,Lolita,Abbie,labbie6a@posterous.com,Female,909-821-4857,Bunutan
06-500-4995,Troy,McHardy,tmchardy6b@prweb.com,Male,475-622-4660,Kaišiadorys
59-386-4732,Kizzee,O'Donoghue,kodonoghue6c@storify.com,Female,135-156-3370,Shirahamachō-usazakiminami
80-580-5497,Cam,Ricco,cricco6d@sbwire.com,Male,689-372-9431,Ozamiz City
58-657-5557,Norry,Macon,nmacon6e@gravatar.com,Genderqueer,603-759-0068,Shuangqiao
80-070-6829,Ramsay,D'Adamo,rdadamo6f@seattletimes.com,Male,405-186-7610,Gorskaya
57-159-1270,Nevsa,Stickford,nstickford6g@nbcnews.com,Female,626-514-1594,Ipoti
86-641-7868,Margery,Persent,mpersent6h@indiatimes.com,Female,990-750-8584,Parawan
07-746-6398,Susanna,McAlester,smcalester6i@adobe.com,Female,657-933-9957,Żarki
60-551-0435,Karlan,Marchent,kmarchent6j@hao123.com,Male,926-991-7564,Mizhhir’ya
49-940-7233,Gillan,Cecil,gcecil6k@mozilla.com,Non-binary,152-723-6492,Arkalyk
91-524-6372,Dare,Piggott,dpiggott6l@ftc.gov,Male,962-603-9992,Lyubokhna
43-315-8007,Oona,Odd,oodd6m@nhs.uk,Polygender,307-291-3093,Kumanovo
06-786-6502,Kelcey,Freund,kfreund6n@hugedomains.com,Agender,687-926-7559,Tanjungsari Barat
79-357-7068,Velvet,Farge,vfarge6o@phpbb.com,Female,301-623-0933,Sarvaš
49-814-7302,Adella,Brimilcombe,abrimilcombe6p@ning.com,Female,518-867-0945,Albany
62-114-7575,Carin,Dumelow,cdumelow6q@dedecms.com,Female,597-980-6056,Cabungan
87-142-7096,Bordy,Hirschmann,bhirschmann6r@cpanel.net,Male,115-290-8028,Ibshawāy
13-045-1645,Rafa,Fraulo,rfraulo6s@auda.org.au,Female,837-383-3813,Huyuan
29-223-3990,Chalmers,Libero,clibero6t@google.com.hk,Male,432-457-5628,Putrajaya
55-840-1375,Hermy,Feckey,hfeckey6u@sina.com.cn,Male,973-188-4341,Jawornik Polski
12-131-3840,Charlton,Philipot,cphilipot6v@aboutads.info,Male,964-991-2953,Xinxu
05-239-2770,Tammy,Mocquer,tmocquer6w@deviantart.com,Female,195-295-9863,Lappeenranta
79-945-4071,Cynthie,Bramwell,cbramwell6x@hatena.ne.jp,Female,212-219-8051,Lyon
99-979-2327,Jerrylee,Tinham,jtinham6y@indiegogo.com,Female,719-531-5184,Colorado Springs
43-340-9058,Kinny,McCreery,kmccreery6z@latimes.com,Male,788-147-2211,Janja
64-758-7532,Leila,Beeho,lbeeho70@prlog.org,Female,626-799-5645,Ratenggoji
52-242-8665,Nora,Smittoune,nsmittoune71@free.fr,Female,310-768-1928,Digdig
85-427-0044,Lazare,Tranfield,ltranfield72@uiuc.edu,Male,502-281-9873,Louisville
65-303-3034,Kacey,Denty,kdenty73@histats.com,Female,557-248-5249,Castêlo
82-043-1593,Vladimir,Crown,vcrown74@flavors.me,Male,583-487-4109,Bedayutalang
12-353-2352,Bucky,Klaaasen,bklaaasen75@youtu.be,Male,279-446-0080,Miskolc
98-028-8332,Gardy,Darnell,gdarnell76@umn.edu,Male,545-126-7173,Ancol
31-988-9355,Andy,Laslett,alaslett77@prlog.org,Female,775-828-4896,Carson City
42-235-4771,Rockey,Christofol,rchristofol78@edublogs.org,Male,142-911-6790,Jiangkou
66-386-6043,Torre,Reily,treily79@cbsnews.com,Male,536-981-1671,Oumé
16-518-0646,Tadeas,Worboy,tworboy7a@walmart.com,Male,969-291-0515,Kademangan
91-990-8815,Berthe,Wooles,bwooles7b@sbwire.com,Female,503-572-9599,Bardiyā
48-934-7347,Quint,Mowsdell,qmowsdell7c@yolasite.com,Male,773-423-7621,Jiancha
13-808-8661,Reagan,Daile,rdaile7d@pbs.org,Non-binary,329-666-0095,Nangka
65-610-7515,Karlens,Siggers,ksiggers7e@bloomberg.com,Male,873-760-5494,Calais
41-650-2587,Ware,Barnewell,wbarnewell7f@hatena.ne.jp,Male,656-376-6810,President Roxas
72-167-4257,Coreen,Hammett,chammett7g@yale.edu,Female,962-719-4673,Novouzensk
02-598-6850,Alfie,Veal,aveal7h@virginia.edu,Female,481-125-5966,Paris La Défense
18-959-6321,Sanderson,McVaugh,smcvaugh7i@irs.gov,Male,352-490-3438,Planá
98-481-5635,Traver,Ouver,touver7j@about.me,Male,855-216-6451,Shinao
16-556-6523,Allen,Aitken,aaitken7k@drupal.org,Male,420-440-5355,Hondo
01-134-6289,Francesca,Mewitt,fmewitt7l@wisc.edu,Female,115-791-7579,Quebrada Larga
12-070-2990,Otto,Becks,obecks7m@sina.com.cn,Male,656-837-6172,Höganäs
89-411-7110,Madelon,Durno,mdurno7n@ucsd.edu,Polygender,973-438-2480,Alor Setar
03-392-6332,Dale,Torbett,dtorbett7o@aboutads.info,Male,681-661-7851,Galán
10-013-0016,Sammie,Orred,sorred7p@sitemeter.com,Male,141-134-3140,Talisayan
59-350-2199,Travers,Halvorsen,thalvorsen7q@goodreads.com,Male,648-122-1516,Bantaeng
56-699-8708,Elsy,Ghione,eghione7r@geocities.com,Female,519-617-7096,Mikumi
60-371-3048,Brock,Waddoups,bwaddoups7s@illinois.edu,Male,459-675-6113,Shestakovo
84-662-7921,Tyrus,Preedy,tpreedy7t@ucoz.com,Male,661-648-3961,Fahraj
69-910-3606,Olav,Kingswold,okingswold7u@technorati.com,Male,355-339-0964,San Carlos
92-238-2919,Jordon,Gaydon,jgaydon7v@cyberchimps.com,Male,465-481-3295,Golovinskiy
71-896-2140,Birk,Kimmitt,bkimmitt7w@comcast.net,Male,731-695-2350,Ipoh
86-390-3885,Patton,Troak,ptroak7x@ucla.edu,Male,217-285-5179,Eirol
72-354-0148,Mimi,Hawson,mhawson7y@unc.edu,Female,353-372-1132,Atuntaqui
27-810-8149,Gaylord,Gounel,ggounel7z@nationalgeographic.com,Male,407-467-7666,Heyu
66-697-2381,Maitilde,De La Cote,mdelacote80@wikia.com,Genderfluid,219-784-3629,Al Manşūrah
45-706-3441,Darrin,Bauduin,dbauduin81@people.com.cn,Male,380-269-9704,Kirkland Lake
77-213-0014,Edlin,Epple,eepple82@chronoengine.com,Male,957-152-8526,Kaeng Khoi
27-053-2903,Pattin,Colmer,pcolmer83@mail.ru,Male,723-689-6247,Petrodvorets
91-239-0190,Trescha,Bayldon,tbayldon84@acquirethisname.com,Female,185-730-1029,Xiamayu
20-060-2985,Meggy,Dugue,mdugue85@4shared.com,Female,704-884-2315,Luodian
23-335-2451,Merline,Blakiston,mblakiston86@fastcompany.com,Female,521-573-0765,Bressuire
83-246-7063,Jayme,Schrieves,jschrieves87@exblog.jp,Male,496-468-1258,Achoma
98-350-8763,Alexander,Hollingsbee,ahollingsbee88@shutterfly.com,Male,551-578-9149,Madara
06-289-3301,Clem,Kamena,ckamena89@rambler.ru,Male,829-763-4982,Wairiang
27-095-1598,Anjanette,Brideau,abrideau8a@aboutads.info,Female,604-272-9799,Brataj
98-729-2542,Elsey,Jerrim,ejerrim8b@people.com.cn,Female,731-683-0085,Krylovskaya
50-159-3223,Siana,Paffett,spaffett8c@epa.gov,Female,767-136-9231,Peer
75-584-3796,Matthieu,Sears,msears8d@reuters.com,Male,189-216-5399,Sendang
98-507-6857,Alvinia,Simion,asimion8e@elpais.com,Female,402-874-3931,Nizhnevartovsk
26-849-6470,Toinette,Giovanizio,tgiovanizio8f@elegantthemes.com,Female,107-120-9734,Tampakan
91-315-7093,Debra,Collie,dcollie8g@mlb.com,Female,965-664-6078,Danané
26-584-0302,Phyllis,McGrory,pmcgrory8h@admin.ch,Female,559-551-3510,Tongjin
64-761-4900,Antonietta,Wingar,awingar8i@flickr.com,Female,488-502-4959,Guanchi
27-179-0083,Katerine,Willstrop,kwillstrop8j@tinyurl.com,Female,256-173-1016,Huntsville
57-681-1061,Skippy,Bernardez,sbernardez8k@deviantart.com,Male,230-275-7521,Huangjia
95-295-1105,Culver,Rikkard,crikkard8l@engadget.com,Male,464-847-5360,Białobrzegi
07-377-4711,Fina,Melia,fmelia8m@nps.gov,Female,147-113-6121,Labé
64-315-9772,Angy,Skyrm,askyrm8n@yellowpages.com,Female,833-335-6923,Anwen
56-886-9591,Keary,Aburrow,kaburrow8o@flickr.com,Male,179-517-1853,Zaoxi
29-455-3971,Ruben,Killner,rkillner8p@auda.org.au,Male,202-108-7316,Washington
43-146-0470,Sadye,Waslin,swaslin8q@zimbio.com,Female,837-547-3837,Wassu
75-253-9427,Davida,Djuricic,ddjuricic8r@amazon.co.jp,Polygender,205-465-1123,Bulualto
39-712-8523,Arvy,Maybury,amaybury8s@feedburner.com,Male,709-318-0708,Kamenka
50-187-7820,Brok,Cossell,bcossell8t@webmd.com,Male,946-526-1674,Cekcyn
83-377-8480,Ephrem,Coetzee,ecoetzee8u@google.it,Male,587-695-4334,Tekik Wetan
09-049-6440,Adelice,Allman,aallman8v@indiatimes.com,Female,814-263-0955,Timóteo
16-173-5459,Suzette,Ruckledge,sruckledge8w@pcworld.com,Female,855-495-7847,Rosario
56-566-8532,Alastair,Scruby,ascruby8x@smh.com.au,Male,282-704-8309,Rudnya
58-862-3105,Vick,Albrook,valbrook8y@yale.edu,Male,857-325-0233,Karangsari
64-516-5959,Zonnya,Clemencet,zclemencet8z@washington.edu,Female,276-814-9288,Cikai
50-140-7542,Cecilia,Arnal,carnal90@cornell.edu,Female,468-499-4542,Sintung Timur
64-000-9404,Trisha,Evens,tevens91@github.io,Female,554-868-4508,Bromma
47-981-6331,Tome,Edgson,tedgson92@biblegateway.com,Male,785-653-8093,Samdrup Jongkhar
70-304-4483,Pincus,Hursey,phursey93@yahoo.co.jp,Male,893-441-8071,Magomeni
05-597-9233,Coop,Hlavac,chlavac94@shareasale.com,Male,181-410-9637,Mufulira
17-497-5943,Tildy,Kydde,tkydde95@cmu.edu,Female,666-952-6586,Tabon
43-933-3277,Dominica,Satford,dsatford96@example.com,Female,966-926-3133,Wafang
78-695-6630,Adriano,Footitt,afootitt97@themeforest.net,Male,914-384-5147,Makubetsu
87-306-3421,Ronna,Oene,roene98@nasa.gov,Female,231-548-2727,Baota
43-600-3675,Sasha,Lefridge,slefridge99@ebay.co.uk,Bigender,281-265-1362,Talawakele
37-588-6837,Addie,Wann,awann9a@infoseek.co.jp,Female,269-401-2551,Shiraoka
78-588-3309,Lyn,Leheude,lleheude9b@mayoclinic.com,Genderfluid,121-545-3071,Kabulusan
30-017-9596,Shirlene,Strevens,sstrevens9c@aol.com,Female,417-363-5734,Abaca
07-845-3703,Berny,Faulds,bfaulds9d@phoca.cz,Agender,203-884-2445,København
50-409-8718,Hyacinthia,Mathouse,hmathouse9e@merriam-webster.com,Female,234-713-2770,Huanipaca
10-188-9515,Gustave,O'Scollee,goscollee9f@sohu.com,Male,810-303-4643,Mūsá Qal‘ah
30-174-0112,Scotty,Nickoles,snickoles9g@cnet.com,Male,165-530-6266,Quintã
64-959-6117,Tamas,Karby,tkarby9h@icq.com,Male,183-175-4379,Dos Quebradas
18-165-3448,Asher,Lawtie,alawtie9i@businessinsider.com,Non-binary,270-636-9691,Kyaikto
52-193-5342,Tarrance,Sapauton,tsapauton9j@about.com,Male,163-274-0958,Nasielsk
29-783-3762,Jeni,McShirie,jmcshirie9k@paginegialle.it,Female,331-241-8166,Chongwen
62-159-4911,Jessee,Sigge,jsigge9l@ucla.edu,Male,575-139-1413,Luoluopu
44-679-0386,Daryle,Brockie,dbrockie9m@cargocollective.com,Male,260-493-4864,Jabal os Saraj
78-613-7012,Grenville,Vannikov,gvannikov9n@webmd.com,Male,770-981-9482,Zdolbuniv
67-225-9131,Shanie,Tomczynski,stomczynski9o@theglobeandmail.com,Female,688-491-9779,Deep River
72-275-8723,Derril,Colson,dcolson9p@myspace.com,Male,543-462-1982,Karangtalun
68-044-5755,Monti,Aspy,maspy9q@dyndns.org,Male,522-504-1457,Qiansuo
93-776-9966,Bethina,Eykel,beykel9r@artisteer.com,Female,835-880-7784,Montinho
07-446-2445,Bartie,Henricsson,bhenricsson9s@paginegialle.it,Male,462-286-8860,Chengbei
96-744-8702,Pietrek,Balcombe,pbalcombe9t@seesaa.net,Non-binary,360-894-4398,Skuratovskiy
45-957-3843,Harrietta,Feast,hfeast9u@github.io,Female,567-712-8914,Kuzovatovo
38-641-1143,Aloise,Shitliff,ashitliff9v@wordpress.org,Female,489-257-3908,Langarūd
18-527-4309,Harriot,Wardlaw,hwardlaw9w@sun.com,Female,103-629-7839,Shigutang
63-358-2249,Marjy,Pridham,mpridham9x@businessinsider.com,Female,117-456-9323,Sainte-Anne-des-Monts
98-581-3308,Maryrose,MacBey,mmacbey9y@privacy.gov.au,Female,631-511-9543,Néa Karváli
53-446-6375,Archibold,Feighney,afeighney9z@google.ca,Male,550-520-1455,Březová nad Svitavou
24-228-0447,Kore,Such,ksucha0@nsw.gov.au,Female,125-131-5920,Korsakovo
57-754-4672,Boyd,Have,bhavea1@google.pl,Male,434-236-5488,Hòa Bình
34-000-4391,Renaud,Smithers,rsmithersa2@gravatar.com,Male,176-557-5519,Nabunturan
20-940-7937,Odelle,Moncreiffe,omoncreiffea3@icq.com,Female,709-602-7935,Morales
93-583-3975,Vivia,Frankcombe,vfrankcombea4@unicef.org,Female,214-187-2532,Garland
98-090-8716,Glendon,Paulton,gpaultona5@microsoft.com,Male,632-455-4113,Tianyuan
45-948-8705,Rafaelia,Garrattley,rgarrattleya6@parallels.com,Female,923-636-6295,Ierápetra
35-280-6705,Jaye,McVitie,jmcvitiea7@sourceforge.net,Male,534-295-4376,Farranacoush
73-033-6484,Agnesse,Rodden,aroddena8@google.es,Agender,668-240-9525,Gweedore
03-213-4261,Simeon,Wanley,swanleya9@e-recht24.de,Male,824-597-9089,Zhuhong
52-095-2896,Tammara,Izkovitz,tizkovitzaa@hp.com,Female,165-482-1508,Le Mans
29-262-4364,Matilda,Mayes,mmayesab@go.com,Female,324-461-4290,Fukadale
15-156-8138,Rita,Gawler,rgawlerac@blogger.com,Female,669-270-4980,Los Andes
67-849-0483,Donalt,Tather,dtatherad@spiegel.de,Male,289-383-7935,Järna
10-104-7585,Elliot,Inkster,einksterae@economist.com,Male,162-247-9692,Saint-Lambert-de-Lauzon
64-141-7229,Skye,Trigg,striggaf@cbc.ca,Male,462-819-8837,Kumba
66-844-2928,Theresita,Meineking,tmeinekingag@wikia.com,Female,670-295-0573,Tarczyn
19-706-1918,Christean,Van der Baaren,cvanderbaarenah@vistaprint.com,Female,360-489-7893,Na Thawi
60-770-6860,Dagny,Ambler,damblerai@tumblr.com,Male,704-768-0707,São Lourenço
59-965-8617,Robbin,Maron,rmaronaj@harvard.edu,Female,560-862-5320,Shijak
44-853-0293,Vivi,Maliphant,vmaliphantak@imgur.com,Female,971-828-5772,Błonie
72-356-6824,Uri,McWard,umcwardal@simplemachines.org,Male,572-322-4334,Bonebone
02-447-2762,Anthea,London,alondonam@admin.ch,Non-binary,182-107-0731,Sedan
35-710-5178,Ford,Kettlestringe,fkettlestringean@domainmarket.com,Male,751-732-6155,Torbat-e Jām
25-125-4572,Jaye,Bummfrey,jbummfreyao@sfgate.com,Male,975-518-2987,Guayabetal
44-308-1869,Thoma,Fossord,tfossordap@miitbeian.gov.cn,Male,669-296-3939,Ban Talat Bueng
68-447-6582,Amberly,Vivien,avivienaq@surveymonkey.com,Genderfluid,700-195-2811,Panaytayon
05-935-6808,Halsey,Commander,hcommanderar@tumblr.com,Male,743-804-1947,Oymak
40-339-8855,Nathaniel,Marke,nmarkeas@godaddy.com,Male,888-103-3374,Mianhu
25-583-2823,Alastair,Wetherhead,awetherheadat@netlog.com,Male,543-219-4014,San Casimiro
95-032-5013,Uri,Eddy,ueddyau@quantcast.com,Male,889-428-1329,Dzhiginka
58-724-0772,Web,Gostick,wgostickav@icq.com,Male,807-581-2872,Tangyu
16-376-4436,Archibald,MacAlees,amacaleesaw@ed.gov,Male,339-963-1969,Palermo
93-724-6839,Godart,Antonin,gantoninax@marketwatch.com,Male,505-637-6217,Jinzhou
30-580-2846,Marline,Toman,mtomanay@paginegialle.it,Non-binary,597-859-6663,Wuling
15-904-0224,Mellisent,Sans,msansaz@google.cn,Female,980-232-1854,Miyazu
81-234-4717,Yolanthe,Cristobal,ycristobalb0@nymag.com,Female,699-550-7159,Hostivice
12-446-9675,Robbi,Alonso,ralonsob1@taobao.com,Female,775-523-6678,Jingdezhen
54-904-0468,Harli,O'Logan,hologanb2@usnews.com,Female,645-454-5010,Bantogon
34-905-3033,De witt,Davenall,ddavenallb3@imageshack.us,Male,135-657-7187,Imbituva
25-920-0864,Savina,Emby,sembyb4@youtube.com,Genderfluid,735-654-5020,Jerusalem
63-679-6093,Shellie,Garthside,sgarthsideb5@cornell.edu,Female,237-249-8238,Parikkala
80-199-9705,Averill,Charley,acharleyb6@washington.edu,Male,930-774-1848,Trollhättan
18-609-3385,Korry,Kerswell,kkerswellb7@jimdo.com,Female,592-884-1109,Lewo
61-702-1412,Nichole,Cecere,ncecereb8@ted.com,Female,229-852-3189,Karpacz
42-897-8801,Tamarra,Jikovsky,tjikovskyb9@dell.com,Female,723-985-1549,Hexi
94-633-4124,Lorene,Rogger,lroggerba@homestead.com,Female,535-570-5093,Lakshmīpur
04-720-1844,Abner,Overland,aoverlandbb@reference.com,Male,587-413-1618,La Cruz
77-919-1963,Edgard,Pfeffle,epfefflebc@nbcnews.com,Male,265-777-0290,Stratónion
74-369-6604,Dulcia,Lesser,dlesserbd@upenn.edu,Female,275-298-6591,Mercedes
92-782-0513,Cornell,Davidi,cdavidibe@squarespace.com,Male,470-893-5348,Valbo
85-458-0721,Lucio,Deeson,ldeesonbf@vistaprint.com,Male,909-338-7569,Garbów
95-636-7299,Carin,Brosi,cbrosibg@domainmarket.com,Female,986-499-1207,Starokorsunskaya
40-105-5641,Rosalinde,Schirak,rschirakbh@loc.gov,Female,579-775-2421,Severobaykal’sk
13-519-9059,Gustie,Mussilli,gmussillibi@ycombinator.com,Female,601-270-3334,San Jose
25-112-4875,Eustacia,Pfiffer,epfifferbj@google.ca,Female,597-141-7668,Lille
56-134-7515,Mariana,Hearsum,mhearsumbk@springer.com,Female,490-477-1862,Yuanquan
46-957-0322,Brana,Forshaw,bforshawbl@economist.com,Female,393-665-6943,Kaoshan
62-456-5808,Marna,Wildish,mwildishbm@cbslocal.com,Female,138-172-2990,Horgo
37-958-0930,Hewie,Rich,hrichbn@canalblog.com,Male,859-530-1273,Atbasar
15-040-0799,Alwin,Proby,aprobybo@hubpages.com,Male,434-478-3439,Buenos Aires
51-638-8212,Xaviera,Barron,xbarronbp@cpanel.net,Female,753-222-4470,Krajan Sumberanget
25-179-9537,Flori,Errowe,ferrowebq@smh.com.au,Female,593-116-4550,Kafr Kannā
99-793-7282,Ginnifer,Romanet,gromanetbr@bloglines.com,Genderfluid,654-663-1692,Aradac
57-508-3601,Florella,Giacobo,fgiacobobs@barnesandnoble.com,Female,203-845-9366,Karoya
54-223-7423,Tommi,Wilmut,twilmutbt@wunderground.com,Female,748-459-3519,Amuru
16-328-9431,Gregoor,Gages,ggagesbu@oaic.gov.au,Male,910-387-9795,Hexi
70-209-7970,Catrina,Hurtado,churtadobv@list-manage.com,Female,304-325-8575,Xialiao
57-444-0692,Lorianna,Flinders,lflindersbw@xing.com,Female,491-578-5496,Tarica
46-342-6788,Fenelia,Treleaven,ftreleavenbx@telegraph.co.uk,Female,243-917-6090,Mapiri
93-590-6553,Sheila-kathryn,Salmon,ssalmonby@webeden.co.uk,Female,154-274-7996,Kuching
81-542-4111,Kennith,Redsull,kredsullbz@yandex.ru,Male,112-643-3658,Busungbiu
09-247-5615,Peirce,Rubee,prubeec0@t.co,Male,156-669-4013,Al Jabīn
46-689-6564,Nat,Garrick,ngarrickc1@surveymonkey.com,Female,688-165-5706,Minami-rinkan
74-346-2243,Gran,Hagger,ghaggerc2@yale.edu,Male,941-455-8908,Komsomolsk-on-Amur
18-147-1119,Kyrstin,Colenutt,kcolenuttc3@paypal.com,Female,177-620-0888,Choszczno
22-504-9047,Abbot,Fairbourn,afairbournc4@123-reg.co.uk,Male,660-543-8800,Citundun
95-652-9020,Ezechiel,Rumford,erumfordc5@acquirethisname.com,Male,110-528-2975,Sanjiang
34-468-0567,Tarrah,Crose,tcrosec6@spotify.com,Female,527-239-4556,Lumbatan
05-083-9914,Janey,Scammonden,jscammondenc7@slashdot.org,Female,403-479-9748,Jirjā
55-386-1233,Sigmund,Brosini,sbrosinic8@hubpages.com,Male,997-553-6649,Palanit
76-881-8272,Matty,Offener,moffenerc9@wisc.edu,Female,934-887-0978,Lengkong
73-084-8214,Hortense,Siemianowicz,hsiemianowiczca@woothemes.com,Female,709-141-1979,Chengzhong
43-432-9236,Rochette,Hurst,rhurstcb@aboutads.info,Female,425-435-4710,Bulag
13-512-5443,Baird,Kleinhaut,bkleinhautcc@nationalgeographic.com,Male,649-991-0247,Ust’-Kut
99-027-2225,Carolin,McFarlan,cmcfarlancd@posterous.com,Female,461-658-6213,Somanda
57-883-2830,Llywellyn,Spaice,lspaicece@discovery.com,Male,543-429-0778,Sumqayıt
33-263-5661,Melvin,Chippin,mchippincf@prlog.org,Male,751-443-6920,Hougong
31-911-2784,Manolo,Mallows,mmallowscg@people.com.cn,Male,215-101-5248,Centar Župa
00-423-7838,Normand,Crosston,ncrosstonch@ameblo.jp,Male,649-176-1460,Wenquan
85-424-9496,Alicea,Sponder,asponderci@blogs.com,Female,510-978-9811,Nanlang
38-376-3654,Wayne,Ilyin,wilyincj@examiner.com,Male,494-972-6941,Colombia
43-589-8313,Annora,Tavinor,atavinorck@netvibes.com,Female,662-940-5384,Satinka
78-370-4245,Yolande,Adamski,yadamskicl@economist.com,Female,659-524-1499,Tierp
96-378-6966,Ignatius,Gooderridge,igooderridgecm@zdnet.com,Male,294-416-3584,Staré Hradiště
20-311-5885,Wright,Garretson,wgarretsoncn@ehow.com,Male,618-687-0515,Wonda
54-161-0339,Adey,Creaney,acreaneyco@a8.net,Female,732-282-6172,Talghar
81-490-3913,Ralf,Igoe,rigoecp@multiply.com,Male,239-135-3121,Bhalwāl
68-176-9981,Millicent,Burgin,mburgincq@istockphoto.com,Female,442-132-1234,Kolyvan’
54-731-0904,Anne-corinne,Robelow,arobelowcr@angelfire.com,Female,799-529-9687,Krasnystaw
24-029-3563,Allie,Foulcher,afoulchercs@pinterest.com,Male,407-421-3594,Gargaliánoi
01-304-1735,Raleigh,Bergen,rbergenct@parallels.com,Male,816-781-8395,Dulangan
35-632-5475,Reidar,Michurin,rmichurincu@state.gov,Male,868-155-9338,Sokol’skoye
07-838-3350,Harlene,Lakeland,hlakelandcv@vkontakte.ru,Genderfluid,512-500-8546,Karangdawa Barat
88-987-2841,Timotheus,Espine,tespinecw@earthlink.net,Male,583-729-0907,Fengjiang
13-684-0592,Eli,Bernardoni,ebernardonicx@tiny.cc,Male,459-283-8408,Paris 13
56-392-6102,Jania,Jannaway,jjannawaycy@example.com,Female,825-975-0659,Demuk
64-109-9972,Ned,Waud,nwaudcz@microsoft.com,Male,587-956-0870,Praga Północ
20-303-2890,Margalit,Lamburne,mlamburned0@naver.com,Non-binary,372-362-1369,Grand Bank
22-879-4648,Gwenneth,Amery,gameryd1@typepad.com,Female,304-639-1638,Charleston
23-872-2889,Isadore,Koop,ikoopd2@facebook.com,Male,340-507-1838,Wuyang
93-733-5734,Gretna,Abramov,gabramovd3@vimeo.com,Female,108-722-3005,Linshanhe
15-164-7319,Renault,Quipp,rquippd4@si.edu,Male,741-732-2069,Hrazdan
00-091-1644,Wade,Dowdall,wdowdalld5@amazon.de,Male,372-856-5417,Palmas Bellas
79-469-3611,Gottfried,Vanyukhin,gvanyukhind6@over-blog.com,Male,838-174-0895,Tayabamba
89-602-6070,Spense,Clapperton,sclappertond7@latimes.com,Male,284-830-0740,Huayuan
66-509-2079,Vere,Santon,vsantond8@arizona.edu,Female,610-457-3169,Cibugel
82-873-5245,Karol,Laxston,klaxstond9@altervista.org,Female,247-964-4097,Riang Tengah
70-154-3649,Noble,Perring,nperringda@theglobeandmail.com,Male,723-230-8650,Kampungbaru
51-084-4657,Lamar,Quinell,lquinelldb@blogtalkradio.com,Non-binary,286-825-0389,Uglich
68-515-3486,Merry,Stearley,mstearleydc@ftc.gov,Male,338-105-5055,Tirana
18-784-8130,Cesya,Todarini,ctodarinidd@liveinternet.ru,Female,818-424-3875,Dabagou
97-155-5237,Clarice,Limon,climonde@pen.io,Female,756-491-9928,Wola Jachowa
94-465-5653,Whitney,Diegan,wdiegandf@census.gov,Male,978-335-3383,Moriyama
36-517-8182,Joann,Stothart,jstothartdg@bing.com,Female,640-958-8951,Phrae
99-870-2400,Giacinta,Forestel,gforesteldh@independent.co.uk,Genderfluid,741-848-1161,Tuburan
52-366-0920,Nari,Ellcome,nellcomedi@pcworld.com,Female,233-717-8028,Guayabal de Síquima
28-299-8894,Loralie,Sharrock,lsharrockdj@woothemes.com,Female,294-979-2842,Bailang
02-866-6944,Anatol,Dobbyn,adobbyndk@hibu.com,Male,417-417-5936,Cayenne
27-156-1264,Nancie,Targe,ntargedl@home.pl,Agender,597-813-8911,Gložan
16-281-6561,Joly,Duddell,jduddelldm@un.org,Female,464-164-1481,Midlands
52-380-6026,Misha,Ranaghan,mranaghandn@shinystat.com,Female,401-219-6887,Allen
97-484-9519,Florenza,Drew-Clifton,fdrewcliftondo@t-online.de,Female,418-111-2949,Chumen
63-310-6798,Aidan,Todarini,atodarinidp@addtoany.com,Female,931-281-9018,Vilnius
47-454-4034,Wesley,Pharro,wpharrodq@businessweek.com,Male,854-690-2383,Giồng Riềng
13-145-1466,Rosina,Leversha,rlevershadr@yahoo.co.jp,Female,597-675-3668,Muang Sam Sip
79-839-4407,Grenville,Arnason,garnasonds@fc2.com,Male,129-703-2953,Gelan
67-611-8494,Dari,Remmer,dremmerdt@over-blog.com,Female,953-315-5398,Jishan
54-992-6545,Celestina,Cockarill,ccockarilldu@google.ru,Female,391-208-4058,Jiquinlaca
13-581-6610,Carmine,Gibke,cgibkedv@stumbleupon.com,Female,457-101-8005,Agara
60-160-4529,Ottilie,Crayden,ocraydendw@patch.com,Female,479-469-3631,Ipatinga
48-245-0682,Quent,McKeever,qmckeeverdx@sakura.ne.jp,Male,166-351-3524,Saint-Grégoire
93-530-4518,Merrilee,Ellin,mellindy@wunderground.com,Non-binary,863-849-2712,Ayamaru
80-893-6175,Myrtle,Tuddenham,mtuddenhamdz@wsj.com,Bigender,965-624-8378,Yekimovichi
78-922-5313,Franciska,Soppeth,fsoppethe0@rakuten.co.jp,Female,569-814-5694,Dolní Čermná
39-576-9211,Sibel,Standen,sstandene1@cnn.com,Female,517-173-9355,Aş Şaff
01-725-1978,Christa,Glader,cgladere2@github.io,Non-binary,236-714-9108,Ånge
22-101-9023,Eleonore,Short,eshorte3@nhs.uk,Female,106-167-6266,Teberda
73-685-2383,Joey,Lieber,jliebere4@flavors.me,Female,432-304-2480,Detusoko
52-844-4280,Valerie,Kenryd,vkenryde5@amazon.co.uk,Female,692-389-7281,Loja
58-018-8663,Amity,Bulleyn,abulleyne6@examiner.com,Female,809-119-8876,Marovoay
83-047-2765,Aggie,Hearne,ahearnee7@psu.edu,Female,336-655-6101,Przyborów
29-494-1127,Normie,Tallboy,ntallboye8@themeforest.net,Male,819-885-1462,Anjirserapat
00-547-9239,Duke,Froggatt,dfroggatte9@phoca.cz,Male,934-709-0960,Nueva Arica
18-184-7097,Waiter,Domini,wdominiea@homestead.com,Male,960-524-1293,Xinxian
30-889-7512,Rossy,Nott,rnotteb@vkontakte.ru,Male,389-403-7217,Al Mukallā
31-678-8035,Harv,Bess,hbessec@desdev.cn,Male,945-999-7104,Las Varas
36-785-3084,Mauricio,Linger,mlingered@lycos.com,Male,139-828-6507,Omoku
21-952-1688,Issie,Titley,ititleyee@reference.com,Female,718-197-6939,Vereya
10-361-7809,Tomi,Pinnegar,tpinnegaref@flavors.me,Female,870-994-5085,Yantai
05-650-3202,Olva,Chillingworth,ochillingwortheg@goodreads.com,Female,422-556-0503,Bulog
72-046-6512,Fredia,Manders,fmanderseh@icio.us,Female,972-941-3030,Milotice
07-664-0693,Calhoun,Gregine,cgregineei@sakura.ne.jp,Male,105-340-8079,Obroshyne
80-754-9226,Dionisio,Sine,dsineej@simplemachines.org,Male,897-243-2802,Pampierstad
96-984-5306,Angel,Cotherill,acotherillek@imdb.com,Male,295-290-2696,Purong
19-752-2157,Benedick,Botly,bbotlyel@opera.com,Male,674-462-1155,Amerta
24-006-6379,Spenser,Tuison,stuisonem@unc.edu,Male,342-897-4967,Yunlu
31-512-3401,Angelle,Secombe,asecombeen@unesco.org,Female,657-938-1832,Hörby
36-170-6935,Cornie,Mibourne,cmibourneeo@livejournal.com,Male,149-270-5476,Wuxia
33-652-0909,Karola,Geaveny,kgeavenyep@netlog.com,Female,447-236-2513,Aş Şanamayn
70-736-7419,Dexter,Bencher,dbenchereq@pagesperso-orange.fr,Agender,606-676-1132,Lexington
05-101-5553,Nolana,Treadwell,ntreadweller@imgur.com,Female,762-611-2967,Ipuh
24-888-0574,Maxie,Fancet,mfancetes@indiatimes.com,Male,815-475-3486,Gaogongdao
78-355-4530,Lindon,Muro,lmuroet@gov.uk,Male,402-692-5287,Boka
20-364-2451,Merrel,Casa,mcasaeu@zimbio.com,Male,905-872-8033,Budënnovsk
53-462-9713,Quinn,Patron,qpatronev@dion.ne.jp,Female,601-986-1886,Osielec
12-745-6889,Lenna,Kingswell,lkingswellew@ftc.gov,Female,169-623-2702,Sovetsk
51-598-3583,Domini,Juden,djudenex@barnesandnoble.com,Female,256-737-7271,Cimenga
16-345-3496,Dee dee,Veighey,dveigheyey@spotify.com,Female,142-630-5219,Katrineholm
31-260-9689,Aubree,Lowless,alowlessez@1688.com,Female,347-546-5695,Oruro
54-681-7629,Cedric,Worcs,cworcsf0@bandcamp.com,Male,907-145-1349,Mondoteko
17-465-4532,Avrom,Flowerdew,aflowerdewf1@friendfeed.com,Male,658-416-8442,Shucheng Chengguanzhen
48-867-3947,Erwin,Fautly,efautlyf2@wix.com,Male,919-125-4358,Érd
98-115-1106,Luis,Kitchinham,lkitchinhamf3@chronoengine.com,Male,499-808-2206,Grahamstown
52-885-9650,Zsazsa,Sinkings,zsinkingsf4@businesswire.com,Female,224-759-6747,Sandovo
16-522-7304,Addia,Andrag,aandragf5@wufoo.com,Female,872-471-7897,Parral
95-139-3301,Drud,Grestye,dgrestyef6@shareasale.com,Male,557-310-7392,Quyangqiao
53-745-1421,Erin,Cowap,ecowapf7@google.ru,Male,135-668-2837,Talangnan
46-042-2289,Chelsey,Rawsthorne,crawsthornef8@usgs.gov,Female,398-703-5575,Debe
01-398-8211,Helenka,McKernan,hmckernanf9@hhs.gov,Female,675-964-4324,Zamora
67-267-8688,Tab,Leijs,tleijsfa@edublogs.org,Male,860-187-7870,Mŭglizh
74-260-6631,Britt,Peagram,bpeagramfb@google.com.au,Female,598-514-6227,Spandaryan
74-342-2891,Krystyna,Riseborough,kriseboroughfc@slashdot.org,Female,565-635-1831,Az Ziyārah
03-778-2129,Calhoun,Beesey,cbeeseyfd@buzzfeed.com,Male,736-826-7380,El Jem
68-273-0733,Viole,Ellph,vellphfe@technorati.com,Female,345-909-0268,Lumbardhi
46-249-8886,Mathe,Felten,mfeltenff@diigo.com,Male,899-477-1762,Maswarah
96-014-2967,Fayette,Kemish,fkemishfg@theglobeandmail.com,Female,933-382-4522,Songhae
37-162-4960,Zackariah,Kordes,zkordesfh@kickstarter.com,Male,152-442-7952,Erniusuokou
51-178-5109,Rafael,Vasiliu,rvasiliufi@smugmug.com,Male,206-928-5219,Guarabira
60-642-9399,Gavrielle,Spancock,gspancockfj@hhs.gov,Female,841-726-9666,Cihambali
64-450-2323,Husein,Berggren,hberggrenfk@gravatar.com,Male,495-916-7973,Dayuan
86-097-7373,Alicia,Gracey,agraceyfl@abc.net.au,Female,159-331-3045,Laojunmiao
17-585-6747,Nanine,Robertet,nrobertetfm@yolasite.com,Female,932-230-9429,Puszczykowo
65-042-4480,Allene,Goodlud,agoodludfn@xrea.com,Female,197-224-6975,Maglajani
54-972-5552,Titos,Soppett,tsoppettfo@php.net,Male,471-241-2151,Cai Doi Vam
17-282-8796,Rici,Ebsworth,rebsworthfp@apple.com,Female,837-408-3648,Agnibilékrou
56-280-1959,Giacopo,Arends,garendsfq@ifeng.com,Male,645-289-9331,Sapucaia
14-343-3909,Ransell,Wilce,rwilcefr@bloomberg.com,Male,316-399-4587,Daguyun
41-045-6138,Jenine,Brownstein,jbrownsteinfs@slate.com,Female,887-718-1516,Dinghuo
24-645-0844,Demetri,Tuma,dtumaft@mlb.com,Non-binary,713-993-3977,Cigedang
54-949-9922,Price,Moorman,pmoormanfu@slashdot.org,Male,153-235-7928,Sarkanjut
39-297-4031,Grethel,Duckering,gduckeringfv@360.cn,Female,367-767-5117,Guandi
86-557-2530,Norri,Bentall,nbentallfw@wix.com,Female,499-633-7050,Oibioin
65-084-4997,Glennis,Chooter,gchooterfx@nydailynews.com,Female,646-238-2551,Malimaneek
13-955-3058,Renie,Grellis,rgrellisfy@diigo.com,Female,215-112-9431,Wierzbica
03-123-7540,Nigel,Bleckly,nblecklyfz@alibaba.com,Male,301-460-3911,Nakhon Phanom
42-638-2220,Victor,McGaugan,vmcgaugang0@salon.com,Male,325-579-0508,Taouloukoult
27-665-3877,Basil,Bandey,bbandeyg1@sciencedirect.com,Male,376-673-0078,Malianzhuang
27-861-9073,Tiffanie,Lempertz,tlempertzg2@clickbank.net,Female,195-132-9475,Maebaru
72-634-9880,Penny,McCrie,pmccrieg3@walmart.com,Female,526-489-1090,Fundong
08-223-1251,Kingston,Geale,kgealeg4@mail.ru,Male,823-958-7707,Santo Tomás
42-314-0187,Hedi,Gerard,hgerardg5@drupal.org,Female,163-647-5285,El’brus
70-680-5680,Lutero,Barden,lbardeng6@dyndns.org,Male,127-138-2558,Yuktae-dong
65-306-8459,Jamill,Lakeman,jlakemang7@cisco.com,Male,642-722-2587,Bria
50-046-3978,Coleman,Godmer,cgodmerg8@mapquest.com,Male,853-724-9890,Orda
01-610-9067,Daphene,Karpenko,dkarpenkog9@quantcast.com,Female,310-521-4869,Remscheid
03-805-3499,George,Pescott,gpescottga@hud.gov,Male,511-232-0289,Myeik
36-120-0848,Cindra,Algate,calgategb@state.tx.us,Female,339-495-8781,Donghuang
35-944-3138,Brand,Kilsby,bkilsbygc@loc.gov,Male,563-925-9078,Zhaixi
20-726-3115,Stearn,Maybury,smayburygd@google.it,Male,504-570-9585,Sobreira
39-785-6286,Netta,Maddinon,nmaddinonge@netlog.com,Female,115-741-6006,Nueva Ocotepeque
00-984-9755,Carmelle,Callingham,ccallinghamgf@patch.com,Female,428-497-2133,Walakeri
25-915-5091,Meir,Craddy,mcraddygg@oracle.com,Male,687-780-1941,Nuradilovo
75-400-9237,Adelle,Dabs,adabsgh@mayoclinic.com,Female,615-986-2368,Nashville
68-355-6914,Izaak,Dict,idictgi@paypal.com,Male,506-530-0247,Amos
70-508-9573,Marjorie,Loadsman,mloadsmangj@yellowpages.com,Female,495-416-1689,Wakkanai
34-799-7138,Donnamarie,Baroche,dbarochegk@techcrunch.com,Female,797-339-5810,Tornio
19-425-6529,Kliment,Fakeley,kfakeleygl@kickstarter.com,Male,762-948-5314,Zhigong
99-232-6634,Bren,Suett,bsuettgm@godaddy.com,Male,882-949-4672,Huating
21-849-1795,Sterling,Ribbens,sribbensgn@ca.gov,Male,856-832-3790,Sijing
26-086-2350,Davey,Hannah,dhannahgo@xrea.com,Male,472-327-3268,Estreito Câmara de Lobos
33-352-7072,Ruttger,Marl,rmarlgp@angelfire.com,Male,335-779-1615,Santa Lucía Cotzumalguapa
49-052-7518,Ursala,Snalham,usnalhamgq@wikia.com,Female,842-800-5262,Juatuba
39-353-4389,Katrine,Mowle,kmowlegr@etsy.com,Female,410-824-2794,Yutsa
74-161-8727,Loren,Rushmer,lrushmergs@yahoo.co.jp,Female,681-485-7774,Kalidung
84-544-1359,Aaren,Liddicoat,aliddicoatgt@elegantthemes.com,Agender,612-148-9211,Ouanaminthe
04-595-7470,Marja,Clemett,mclemettgu@ibm.com,Female,588-437-6609,Tečovice
62-038-8818,Shannan,Alvin,salvingv@sina.com.cn,Male,755-976-6640,Randegan
17-955-7513,Zenia,Antram,zantramgw@domainmarket.com,Female,408-359-0819,San Jose
01-883-9537,Danica,Claridge,dclaridgegx@archive.org,Female,889-361-9846,Abu Dhabi
16-543-2483,Joseph,Nucator,jnucatorgy@scientificamerican.com,Male,412-788-0450,Xue’an
45-469-6360,Spencer,Christall,schristallgz@seesaa.net,Male,798-194-8824,Tianxin
46-783-1142,Meredithe,Rozenzweig,mrozenzweigh0@deviantart.com,Female,307-386-2548,Lisków
14-164-8853,Esme,Swiffen,eswiffenh1@dailymotion.com,Female,391-138-3943,Webuye
18-933-6235,Tiphanie,Glenny,tglennyh2@aol.com,Non-binary,374-770-0522,Al Fandaqūmīyah
62-825-6245,Marna,Kelbie,mkelbieh3@washingtonpost.com,Female,571-738-7566,Kadyy
76-063-8129,Fredelia,Ainslee,fainsleeh4@networksolutions.com,Female,159-710-7945,Thompson
68-566-8733,Pearla,Laugherane,plaugheraneh5@jugem.jp,Female,314-140-3005,Impendle
64-501-6552,Brunhilde,Bramhall,bbramhallh6@hp.com,Female,229-646-4242,Sinacaban
38-295-1265,Cristy,Younglove,cyoungloveh7@tinyurl.com,Female,116-327-0165,Bicesse
84-352-6270,Alissa,Basek,abasekh8@cbslocal.com,Female,791-295-2541,Hanjiaji
23-004-1149,Kipp,Liversage,kliversageh9@usatoday.com,Male,870-738-5736,Al Jaghbūb
15-752-8369,Katy,Coverdill,kcoverdillha@homestead.com,Female,303-752-8050,Walton
72-971-2837,Godfree,Leathers,gleathershb@t-online.de,Male,767-238-1533,Pécs
89-488-7108,Woodrow,McGuffie,wmcguffiehc@upenn.edu,Male,714-225-6226,Shuangta
40-597-6701,Danny,Kollas,dkollashd@mysql.com,Female,975-622-6106,Mikhaylovsk
47-143-3288,Inness,Rosier,irosierhe@webnode.com,Male,443-791-5382,Tuqiao
99-929-2929,Ozzie,Jorger,ojorgerhf@aboutads.info,Male,492-745-0937,Binjiang
61-441-3674,Eadie,Punter,epunterhg@walmart.com,Female,410-325-6948,Kertabumi
40-059-0219,Jourdain,Strutton,jstruttonhh@mapy.cz,Male,653-309-3614,Tangzhuang
58-645-7313,Harriett,Utterson,huttersonhi@mit.edu,Female,403-215-5348,Varazqān
41-843-5039,Gustavus,Muir,gmuirhj@uiuc.edu,Male,609-903-7460,Trenton
92-939-7915,Kiri,Whyteman,kwhytemanhk@wufoo.com,Female,724-788-4528,Aimorés
91-129-1842,Shalne,Rowth,srowthhl@sina.com.cn,Female,355-974-7173,Beijie
95-979-6835,Fowler,Boddy,fboddyhm@fema.gov,Male,951-920-6647,Kovrov
58-243-0787,Melania,De Michele,mdemichelehn@tamu.edu,Female,561-709-6155,Boynton Beach
07-252-9020,Standford,Ingman,singmanho@blogtalkradio.com,Male,181-141-8270,La Cruz de Río Grande
39-704-5119,Paulette,Ughetti,pughettihp@tinyurl.com,Female,384-236-5669,Calarcá
44-292-3822,Frank,Crawley,fcrawleyhq@devhub.com,Male,501-536-7426,Little Rock
90-547-7558,Sloan,Look,slookhr@myspace.com,Male,893-586-0921,Chulakivka
36-519-3333,Ceciley,Kolinsky,ckolinskyhs@paginegialle.it,Female,657-565-6474,Magtangol
20-743-6275,Nathanael,Waszczyk,nwaszczykht@redcross.org,Male,900-215-0219,Santa Luzia
38-145-2857,Earlie,Loyndon,eloyndonhu@mozilla.com,Male,501-464-5281,Shejiang
00-576-7912,Leland,Boote,lbootehv@barnesandnoble.com,Female,437-722-3607,Saint-Jean-de-Monts
61-914-1581,Katalin,Normant,knormanthw@upenn.edu,Female,207-196-6365,Steinkjer
22-926-1192,Lexis,Mainds,lmaindshx@archive.org,Female,469-382-4186,Wuguishan
59-424-2654,Erena,Peto,epetohy@go.com,Female,835-718-0854,Stocksund
84-310-5552,Haydon,Alessandrini,halessandrinihz@webs.com,Male,574-601-7601,Kalinkavichy
93-102-8407,Judith,Edwards,jedwardsi0@skyrock.com,Female,480-127-6097,Osiek
65-254-6877,Glen,Kroger,gkrogeri1@cnet.com,Female,109-526-9434,Malaya Purga
52-771-3752,Rea,Offa,roffai2@cmu.edu,Female,121-445-1484,Banjarmasin
59-213-3761,Gusella,Spino,gspinoi3@chronoengine.com,Female,133-525-4566,Tayum
04-587-0077,Ezechiel,Berkery,eberkeryi4@ihg.com,Male,973-163-9656,Xiali
20-580-3465,Malanie,Stoyell,mstoyelli5@spotify.com,Female,294-159-3538,Xuancheng
16-156-7823,Phylys,Sasser,psasseri6@geocities.com,Female,221-260-4668,Nanfeng
36-758-6329,Birch,Sanday,bsandayi7@yellowbook.com,Male,572-127-1993,Sidomulyo
00-085-3545,Millie,Litterick,mlittericki8@webnode.com,Female,941-481-9878,Punta Gorda
30-567-3775,Tadio,Stowers,tstowersi9@mac.com,Non-binary,207-134-5737,Al Qarārah
52-062-8316,Bobbi,Josipovic,bjosipovicia@paypal.com,Female,202-295-6264,Lavras da Mangabeira
18-788-4522,Darn,Sulland,dsullandib@youtu.be,Male,214-829-4536,Tuojiang
46-030-7335,Shamus,Schaben,sschabenic@hhs.gov,Male,836-874-7520,Kameoka
27-284-5000,Tann,Rutigliano,trutiglianoid@spiegel.de,Male,659-224-7730,Piancheng
33-304-0374,Tisha,Dillet,tdilletie@mozilla.com,Female,734-506-7707,Manhush
47-233-4224,Nelie,Coronas,ncoronasif@twitpic.com,Female,563-764-5329,Shuiyang
79-301-7416,Belia,Penzer,bpenzerig@trellian.com,Female,476-198-7892,Rinconada
93-139-5699,Livia,Kolakowski,lkolakowskiih@cloudflare.com,Female,383-978-1392,Cantapoy
25-127-5762,Eal,Hartil,ehartilii@techcrunch.com,Male,834-975-6490,Kärdla
93-070-9072,Kevan,Gladdifh,kgladdifhij@marriott.com,Male,794-872-0160,Dessalines
98-858-1545,Baillie,Codeman,bcodemanik@unc.edu,Male,303-725-7967,Longgao
02-603-9547,Lanie,Tewkesberry,ltewkesberryil@nifty.com,Female,259-336-1203,Muaralembu
77-092-6468,Pedro,Hazel,phazelim@vkontakte.ru,Male,571-561-2293,Langádhia
03-790-2000,Zaria,Nason,znasonin@cloudflare.com,Polygender,445-698-9466,Chita
83-163-3470,Zed,Anstead,zansteadio@icq.com,Male,633-585-6803,Aksarka
15-845-8205,Grantley,Perillo,gperilloip@chicagotribune.com,Male,789-350-1708,Mariestad
05-561-9384,Latrina,De Fries,ldefriesiq@hatena.ne.jp,Female,565-339-8030,Liutan
48-946-5279,Aime,Helder,ahelderir@blogtalkradio.com,Female,978-378-3868,Jugezhuang
19-548-3770,Henrietta,Dornin,hdorninis@dropbox.com,Female,913-403-1063,Kampong Chhnang
25-259-6681,Austina,Upham,auphamit@hud.gov,Polygender,721-505-5290,Binguang
67-664-2909,Cello,Collingham,ccollinghamiu@weather.com,Male,816-688-5925,Almere Haven
99-516-4114,Byron,Putman,bputmaniv@51.la,Male,114-437-5273,Molodizhne
78-464-4926,Ed,Antusch,eantuschiw@zdnet.com,Male,473-247-9625,Paoay
15-697-5335,Kristy,Fairburn,kfairburnix@technorati.com,Agender,137-824-8829,Hebi
63-241-9442,Waverley,Garnall,wgarnalliy@livejournal.com,Male,634-696-8770,Zakliczyn
03-772-2728,Cherilyn,Danbrook,cdanbrookiz@mit.edu,Female,970-689-5839,Braunschweig
76-920-8191,Robbi,Ethelston,rethelstonj0@tumblr.com,Female,250-140-2265,Dzhayrakh
06-223-2502,Adeline,Masarrat,amasarratj1@theatlantic.com,Female,800-868-3358,San Bernardino
54-131-6906,Christie,Hek,chekj2@twitter.com,Female,274-525-4083,Kan’onjichō
78-843-0452,Olga,Vasenkov,ovasenkovj3@jiathis.com,Female,328-734-1487,Longhe
86-544-4917,Evangeline,Senyard,esenyardj4@soundcloud.com,Female,835-130-6748,Abreus
83-413-1355,Jeanette,Thredder,jthredderj5@marketwatch.com,Female,839-514-1102,Santa Lucia
90-989-2949,Caddric,Kenafaque,ckenafaquej6@mit.edu,Male,386-924-5537,Mê Linh
70-354-4933,Des,Jacobsen,djacobsenj7@aol.com,Male,890-184-3059,Valle de Ángeles
69-791-3282,Bale,Minguet,bminguetj8@sciencedirect.com,Male,846-800-5609,Panay
25-434-8070,Erastus,Tod,etodj9@dagondesign.com,Male,762-409-8962,Kao Liao
41-775-3886,Noland,Danick,ndanickja@sciencedaily.com,Male,234-450-2162,Chengguan
75-063-6823,Norbie,Ely,nelyjb@spiegel.de,Agender,219-532-1537,Liulang
86-576-5160,Chrisse,Purchase,cpurchasejc@loc.gov,Male,961-952-3744,Pakxong
08-147-3958,Lazar,Ungerecht,lungerechtjd@weather.com,Genderfluid,548-902-8894,Napier
76-500-6856,Morgana,MacNeilley,mmacneilleyje@theatlantic.com,Female,528-757-3835,Catu
21-393-6583,Pascale,Brakewell,pbrakewelljf@ucla.edu,Agender,734-873-3845,Ngujung
36-293-9803,Riane,Mc Elory,rmceloryjg@ask.com,Female,500-553-8754,Sidzina
80-973-6150,Maegan,Grazier,mgrazierjh@naver.com,Agender,364-184-1719,Hronov
08-302-5956,Allie,Garrison,agarrisonji@myspace.com,Female,957-846-0348,Hecheng
04-116-4910,Moses,Collyns,mcollynsjj@google.de,Male,387-530-9340,Vila Alva
38-237-6063,Glenda,Raddin,graddinjk@tripod.com,Female,481-532-8155,Lipu
78-898-4974,Brig,Castaignet,bcastaignetjl@mysql.com,Male,799-897-7389,Narathiwat
66-693-8735,Prudy,Christon,pchristonjm@vinaora.com,Female,759-751-3901,Wasilków
54-717-3123,Victoria,Isakovitch,visakovitchjn@whitehouse.gov,Female,249-246-3902,La Azulita
99-101-0272,Dalston,Bromage,dbromagejo@tripod.com,Male,952-269-4998,Huangchen
05-429-7555,Fawnia,Edlyne,fedlynejp@list-manage.com,Genderfluid,728-369-8195,Gostagayevskaya
00-397-6665,Hakeem,Mitford,hmitfordjq@elegantthemes.com,Male,300-228-7429,Chonglou
42-339-9895,Paige,Braddock,pbraddockjr@mapy.cz,Male,387-400-9938,Oro Timur
01-286-1475,Kimball,Esterbrook,kesterbrookjs@google.ru,Male,906-299-4877,Suyo
58-202-9243,Loren,Wafer,lwaferjt@unesco.org,Male,692-926-8941,Slobidka
31-015-6619,Sallee,Stadden,sstaddenju@hugedomains.com,Female,125-859-0379,Manisi
16-973-4341,Hughie,Hofler,hhoflerjv@theglobeandmail.com,Male,668-754-2447,Rohia
83-881-7168,Basilius,Skydall,bskydalljw@mapy.cz,Male,547-797-1329,Shuangpu
05-255-4808,Cesar,Wenman,cwenmanjx@techcrunch.com,Male,893-844-9249,Buray
78-536-9265,Uri,Bronger,ubrongerjy@abc.net.au,Male,743-491-9807,Heiiyugou
22-494-7753,Tommi,Haffner,thaffnerjz@ucoz.ru,Female,418-303-8521,Northern Suburbs Mc
30-166-3226,Sofie,Charke,scharkek0@discuz.net,Female,872-257-8379,Capioví
01-635-5982,Tiffanie,Tukely,ttukelyk1@gnu.org,Polygender,679-847-5099,Gereykhanovskoye
78-825-4029,Chrystel,Becke,cbeckek2@pinterest.com,Female,174-348-7398,Buyant
84-003-6258,Mommy,Carberry,mcarberryk3@skyrock.com,Female,935-861-6206,Sam Phran
35-155-2011,Lefty,Chicco,lchiccok4@craigslist.org,Male,507-878-4438,Stanisław Dolny
47-978-1420,Morlee,Tenman,mtenmank5@economist.com,Male,415-745-9623,Xiaomiaozi
36-458-9158,Aldus,Kintzel,akintzelk6@wiley.com,Non-binary,626-200-0274,Orion
07-121-5199,Rubetta,O'Deoran,rodeorank7@psu.edu,Female,443-811-5394,Gaotaizi
17-972-2753,Bennie,Dyers,bdyersk8@angelfire.com,Agender,143-138-3606,Strömsnäsbruk
19-511-6485,Justino,Charrette,jcharrettek9@artisteer.com,Male,870-965-1299,Malasin
97-553-8114,Stephana,Toman,stomanka@omniture.com,Female,949-168-5074,Kisumu
78-519-6445,Garrot,Fydo,gfydokb@bloglines.com,Male,195-827-6072,Satipo
78-322-0659,Ludovika,Mc Carrick,lmccarrickkc@blogspot.com,Female,128-445-5362,Huancaray
19-305-2920,Theodore,Gennrich,tgennrichkd@addtoany.com,Male,966-377-9412,Taman
27-084-9090,Adolf,Davids,adavidske@blinklist.com,Male,567-327-4406,Yunxiang
93-092-2567,Lynsey,Stawell,lstawellkf@mysql.com,Female,169-940-6576,Vendychany
03-113-8188,Gaylene,Baudacci,gbaudaccikg@netvibes.com,Female,732-682-1100,New Brunswick
96-041-5765,Vito,Swatridge,vswatridgekh@cdc.gov,Male,968-557-2210,Fengshan
06-496-8422,Corie,Twoohy,ctwoohyki@newyorker.com,Genderfluid,438-650-4001,Shar
20-060-1066,Lynnett,Thoms,lthomskj@cam.ac.uk,Female,922-578-8346,Požarevac
29-506-1946,Gerrilee,Mantz,gmantzkk@mashable.com,Female,761-197-8492,Caçapava do Sul
62-424-2551,Zeke,Reicharz,zreicharzkl@a8.net,Male,514-474-0756,Rumat Heib
82-453-7669,Enrica,Ivanov,eivanovkm@irs.gov,Non-binary,374-786-7464,Philipsburg
78-561-2024,Harriott,Beccero,hbeccerokn@ihg.com,Female,378-702-1910,Agana Heights Village
46-379-2555,Vachel,Ciric,vciricko@google.com.au,Male,713-958-8285,Aveleda
58-215-3008,Lesli,Dennington,ldenningtonkp@geocities.jp,Female,605-329-0972,Almelo
14-296-3836,Ruthe,Hurd,rhurdkq@vistaprint.com,Female,846-825-8018,Bratislava
32-885-2356,Alverta,MacDonald,amacdonaldkr@toplist.cz,Female,461-981-5684,Goris
07-966-7751,Berkley,Vooght,bvooghtks@altervista.org,Male,369-379-5789,Shuangxiqiao
30-620-2064,Gardie,Vaughten,gvaughtenkt@blogspot.com,Genderfluid,604-235-2042,Chandra
33-280-6171,Currey,Episcopi,cepiscopiku@istockphoto.com,Male,848-858-1059,Laagri
53-172-7968,Lockwood,Dufaire,ldufairekv@mac.com,Male,949-355-0297,Xingzi
16-413-0281,Lorenza,Corness,lcornesskw@psu.edu,Female,356-525-5676,Anahuac
08-768-0835,Domingo,McLorinan,dmclorinankx@istockphoto.com,Male,607-434-2613,Béziers
83-453-2474,Joshuah,Spratt,jsprattky@over-blog.com,Bigender,321-580-9189,Lewolen
04-652-1690,Zandra,South,zsouthkz@jalbum.net,Bigender,817-717-7413,Huaishu
16-026-7269,Rebecca,Taillard,rtaillardl0@facebook.com,Female,852-656-5119,Mādārīpur
38-271-8340,Thekla,Wiggin,twigginl1@biglobe.ne.jp,Female,216-770-2076,Independencia
67-717-6615,Brook,Oherlihy,boherlihyl2@cdc.gov,Male,337-469-1699,Huurch
15-766-0551,Stacee,Rickword,srickwordl3@shop-pro.jp,Agender,459-236-5556,Liuji
87-404-4473,Bobinette,Sign,bsignl4@sun.com,Female,249-482-3610,Sinuknipan
30-957-8893,Abra,Dearn,adearnl5@is.gd,Female,584-357-4160,Dongdong
55-391-3467,Amy,Bassom,abassoml6@answers.com,Female,839-247-7986,Tabuc Pontevedra
18-830-7571,Germaine,Haestier,ghaestierl7@ihg.com,Male,281-156-3813,Arauá
68-726-4907,Quent,Moscrop,qmoscropl8@simplemachines.org,Male,270-625-2442,Taramana
15-971-5961,Axel,Gaskill,agaskilll9@spotify.com,Male,261-812-5864,Ketapang
86-426-4065,Karlis,Batchelder,kbatchelderla@drupal.org,Bigender,714-133-3766,Spiczyn
07-501-9840,Titus,Perrie,tperrielb@gnu.org,Male,331-973-7369,Łobodno
69-769-1715,Marget,Denizet,mdenizetlc@bloglines.com,Female,706-127-6051,Vila Nova
10-757-4453,Nicholle,Girodier,ngirodierld@nhs.uk,Non-binary,525-151-1456,Mestre
75-284-2621,Lucio,Wattisham,lwattishamle@is.gd,Male,901-990-5109,Daiyue
86-798-0927,Levin,Trenchard,ltrenchardlf@networkadvertising.org,Male,206-546-3915,Timiryazevskoye
12-044-9300,Robby,Burriss,rburrisslg@cloudflare.com,Female,653-708-6263,Saaban
14-803-9585,Harv,Hutcheon,hhutcheonlh@flickr.com,Male,488-270-0922,Megulung
73-497-7433,Florence,Kreber,fkreberli@aol.com,Female,397-160-0894,Hanyuan
43-895-2111,Anna,Silverston,asilverstonlj@mtv.com,Female,220-701-4573,Baishigou
26-387-4145,Alvis,MacPhail,amacphaillk@europa.eu,Male,727-229-4572,Neuilly-sur-Seine
19-252-7453,Prudi,Mecozzi,pmecozzill@xinhuanet.com,Female,739-318-3376,Resapombo
03-614-6533,Melinda,Bridie,mbridielm@cisco.com,Female,477-836-0086,Mafinga
88-785-5986,Juieta,Palfery,jpalferyln@howstuffworks.com,Female,175-753-4052,Peicheng
29-866-5353,Justen,Cathrae,jcathraelo@bravesites.com,Male,127-401-3094,Ebetsu
94-386-8708,Drona,Pinshon,dpinshonlp@craigslist.org,Female,814-947-2797,Pshada
60-996-7299,Pietra,Batty,pbattylq@mac.com,Female,305-970-0033,Caracal
96-357-2877,Tim,Wedge,twedgelr@digg.com,Female,607-926-8203,Tatariv
39-902-6084,Julianna,Gallo,jgallols@stumbleupon.com,Female,677-120-4166,Hankasalmi
07-568-2278,Brittaney,Berge,bbergelt@webs.com,Female,765-938-3504,Polo
88-318-0115,Danila,Easey,deaseylu@opensource.org,Genderqueer,213-896-8655,Licheń Stary
01-426-5689,Ada,Legendre,alegendrelv@yelp.com,Female,332-756-0989,Tegalsari
38-066-6208,Blondy,Audsley,baudsleylw@twitter.com,Female,758-579-4459,Salima
10-966-6968,Chen,Peer,cpeerlx@macromedia.com,Male,183-800-5390,Pengbu
31-677-2614,Tyrone,Yabsley,tyabsleyly@geocities.com,Male,437-376-3868,Jibu Hulangtu
28-288-6922,Delilah,Bellison,dbellisonlz@blogtalkradio.com,Female,270-637-6738,Lengkongjaya
40-244-0353,Vania,Frift,vfriftm0@diigo.com,Non-binary,182-533-0139,Nelahozeves
88-691-1493,Prescott,Hanssmann,phanssmannm1@nationalgeographic.com,Male,403-632-2711,Colquechaca
32-544-9736,Mattheus,Wisby,mwisbym2@chicagotribune.com,Male,228-485-5678,Wantan
10-863-8849,Aland,Neill,aneillm3@imgur.com,Male,874-194-4027,Jinja
02-817-1389,Brigida,Beacham,bbeachamm4@hao123.com,Female,452-515-1175,Rotunda
65-605-2610,Katherina,Dain,kdainm5@chron.com,Female,270-371-8080,Tiecun
12-678-6646,Althea,Casarili,acasarilim6@seattletimes.com,Female,450-222-7121,Buenaventura
98-840-8750,Chaim,Headey,cheadeym7@wikispaces.com,Male,978-566-2036,Madara
77-328-7732,Clarisse,Mayou,cmayoum8@technorati.com,Female,945-691-8120,Sumbergedong
78-081-9199,Rivkah,Wiley,rwileym9@usgs.gov,Female,189-455-2010,Milići
92-436-1248,Stormi,Sumpton,ssumptonma@hud.gov,Female,442-928-7513,Čair
52-397-3789,Craig,Piris,cpirismb@thetimes.co.uk,Male,835-206-5649,Pingshan
03-580-1256,Randell,Sehorsch,rsehorschmc@marketwatch.com,Male,458-392-5856,Noisy-le-Grand
49-503-3336,My,Gidney,mgidneymd@amazon.co.jp,Male,730-487-4201,La Huaca
82-486-6040,Durant,Guiel,dguielme@mediafire.com,Male,591-324-5417,Sokol’skoye
38-397-7641,Trudi,Robertelli,trobertellimf@1688.com,Female,236-851-5641,Stockholm
25-300-4575,Delaney,Gocke,dgockemg@nbcnews.com,Male,160-661-9853,Bunirasa
69-527-6306,Tamqrah,Dignall,tdignallmh@yandex.ru,Female,857-504-4779,Khŭjand
83-296-0499,Corbie,Vidgen,cvidgenmi@fda.gov,Male,954-803-5986,Changjiangbu
67-446-9950,Arne,Clausen-Thue,aclausenthuemj@ft.com,Male,836-580-0661,Innoshima
17-312-6418,Matias,Rosier,mrosiermk@state.gov,Male,579-261-3203,Tatebayashi
15-511-7056,Marion,Iannini,mianniniml@google.it,Female,755-724-2024,Chachagüí
72-870-6293,Tildie,Wetherburn,twetherburnmm@mlb.com,Female,359-826-5784,Kashar
91-717-8418,Cristin,Corris,ccorrismn@123-reg.co.uk,Agender,791-534-0192,Ganzhou
69-169-8888,Caterina,Hancell,chancellmo@indiegogo.com,Female,334-823-4770,Tocha
74-888-1989,Chastity,Ferro,cferromp@dailymotion.com,Female,494-312-3370,Ararat
27-024-6954,Cristabel,Rabbe,crabbemq@apache.org,Female,983-896-0906,Afikpo
61-679-1145,Donalt,Parry,dparrymr@wordpress.org,Male,266-941-7847,Aimadamodo
67-314-8642,Mabel,Westcot,mwestcotms@google.de,Female,301-248-5713,Iraray
05-210-8086,Brandon,McGragh,bmcgraghmt@com.com,Male,427-939-3788,Cimuncang
40-275-0692,Benito,Hambling,bhamblingmu@vistaprint.com,Male,588-384-8618,Unity
37-116-7045,Fawn,Stroyan,fstroyanmv@independent.co.uk,Female,537-976-6657,Boñgalon
11-843-5674,Hollie,Laying,hlayingmw@mail.ru,Female,257-486-9514,North Shore
90-624-9597,Clareta,Covington,ccovingtonmx@vistaprint.com,Female,127-877-4119,Lumbardhi
38-318-1919,Humfried,Tregonna,htregonnamy@ifeng.com,Male,596-780-2241,Velika
08-578-4878,Tara,Silverson,tsilversonmz@intel.com,Female,413-928-1054,Springfield
53-256-4361,Lauren,Dring,ldringn0@miibeian.gov.cn,Male,372-533-1992,Tysmenychany
70-818-1041,Christiane,Keeri,ckeerin1@feedburner.com,Female,757-231-5026,Soledar
49-645-3422,Emlyn,Mottini,emottinin2@fda.gov,Female,130-782-8700,Yushikalasu
82-754-6609,Gabriellia,McRobert,gmcrobertn3@time.com,Female,216-660-1532,Rogóźno
88-154-9567,Cammy,McKenny,cmckennyn4@earthlink.net,Male,447-759-6898,Damietta
96-383-6922,Marney,Staddart,mstaddartn5@redcross.org,Female,768-234-5284,Xinglong
68-637-1284,Ulrikaumeko,Kalaher,ukalahern6@mozilla.org,Female,346-717-6676,Chibombo
97-730-8580,Cart,Abelov,cabelovn7@csmonitor.com,Male,441-601-0203,Yopal
16-200-8082,Ingmar,Rickson,iricksonn8@marriott.com,Male,149-621-2242,Juhut
77-089-0528,Gabey,Sieghart,gsieghartn9@usnews.com,Female,313-400-0834,Marčelji
17-128-9588,Luis,Grzes,lgrzesna@rakuten.co.jp,Agender,288-598-7136,Ospina
46-001-5313,Gweneth,O' Scallan,goscallannb@google.com.hk,Female,326-159-0814,Nanjing
01-727-7938,Sheff,Muskett,smuskettnc@photobucket.com,Male,983-958-4787,Lāliān
12-729-7765,Norina,Lightfoot,nlightfootnd@google.com,Female,541-417-4261,Asikkala
84-282-3364,Eduardo,Frediani,efredianine@naver.com,Male,555-730-3835,Harjavalta
04-537-0071,Thomasina,Barkshire,tbarkshirenf@amazon.co.uk,Female,661-585-5772,Surazh
61-365-6009,Hillery,Baly,hbalyng@toplist.cz,Male,185-572-6900,Irkutsk
20-983-5855,Sapphire,Rockingham,srockinghamnh@ebay.co.uk,Female,177-397-0498,Srono
84-297-9427,Claudian,Licence,clicenceni@sitemeter.com,Male,443-945-9788,Tcholliré
64-257-1527,Farah,Daviddi,fdaviddinj@bandcamp.com,Female,418-256-0352,Gremyachinsk
43-120-3935,Barbara,Bineham,bbinehamnk@shareasale.com,Female,304-592-9785,Văn Giang
83-392-5627,Kellby,Skoggings,kskoggingsnl@networkadvertising.org,Male,182-915-5252,Dongming
25-032-5680,Shannon,Combe,scombenm@desdev.cn,Male,672-788-1037,Luangwa
64-360-2540,Patty,Greed,pgreednn@indiegogo.com,Genderfluid,497-642-5922,Tipo-Tipo
82-218-0410,Lynde,Storek,lstorekno@timesonline.co.uk,Female,883-429-1907,Muheza
69-728-4691,Donn,Wraighte,dwraightenp@census.gov,Agender,526-825-7600,Zhongshan Donglu
85-859-1865,Eben,Abrahm,eabrahmnq@dot.gov,Male,573-440-8780,Ipueiras
75-288-3431,Tisha,Byass,tbyassnr@indiegogo.com,Female,507-809-6516,Cullinan
89-734-6991,Sasha,Bortoluzzi,sbortoluzzins@amazon.co.uk,Female,555-171-6220,Zhusha
06-426-0085,Mercy,Josling,mjoslingnt@army.mil,Female,630-866-8755,Longfengba
97-023-3375,Cathy,Glencrosche,cglencroschenu@arstechnica.com,Genderqueer,639-565-3975,Entre Rios
19-457-0928,Griffy,Flockhart,gflockhartnv@so-net.ne.jp,Male,953-614-0943,Hongshan
80-293-4331,Juli,Mc Gorley,jmcgorleynw@adobe.com,Female,681-235-5887,Sūrān
53-174-0488,Dorian,Bolderson,dboldersonnx@amazon.co.uk,Male,460-289-9430,Longshan
29-041-5986,Lemar,Jandak,ljandakny@macromedia.com,Male,163-426-8601,Kamenický Šenov
58-158-3250,Tomaso,Minnis,tminnisnz@so-net.ne.jp,Male,550-112-1801,Itumbiara
45-000-5610,Eustacia,Seedman,eseedmano0@prlog.org,Female,720-821-0854,Gotovlje
42-783-2506,Maggee,Stoffels,mstoffelso1@rakuten.co.jp,Genderqueer,345-228-6042,Opatovice nad Labem
26-054-9833,Camille,Kedwell,ckedwello2@freewebs.com,Female,808-318-4232,Kamieniec
60-147-3008,Kessiah,Uman,kumano3@canalblog.com,Female,289-530-9070,Stockholm
58-968-3489,Raina,Basten,rbasteno4@istockphoto.com,Genderfluid,403-452-3523,Jishui
84-812-1387,Estell,Glass,eglasso5@baidu.com,Female,737-186-8532,Likwatang Timur
29-216-7213,Andrei,Bulfit,abulfito6@facebook.com,Female,102-154-9046,Punata
18-597-1251,Rey,De Laspee,rdelaspeeo7@slideshare.net,Male,355-914-5708,Tieremu
70-458-6537,Anett,Brunsen,abrunseno8@clickbank.net,Female,132-294-0861,Linglong
92-150-7359,Haley,Eyree,heyreeo9@cnet.com,Male,645-928-0193,Jiangkou
27-053-7574,Lorita,Busson,lbussonoa@gov.uk,Female,990-860-1651,Rumbek
81-966-3249,Noland,Cricket,ncricketob@mozilla.com,Male,637-497-4214,Si Wilai
61-937-2781,Colline,Berrow,cberrowoc@mysql.com,Polygender,146-861-3930,Tiên Lãng
61-038-5037,Dill,Cressingham,dcressinghamod@issuu.com,Male,772-526-6906,Tylicz
21-702-9747,Bay,Kivits,bkivitsoe@gnu.org,Male,970-795-9668,Karolino-Buhaz
55-479-4165,See,Larmuth,slarmuthof@xinhuanet.com,Agender,486-505-3659,Nanton
91-656-9885,Jourdan,Densun,jdensunog@drupal.org,Female,293-996-1488,Garwolin
54-152-2823,Alicia,Daud,adaudoh@fastcompany.com,Female,821-662-2325,San Francisco de Coray
66-436-4058,Berkeley,Lavrinov,blavrinovoi@cdc.gov,Male,750-377-5666,Medzhibozh
12-759-1813,Currie,Ind,cindoj@twitpic.com,Male,846-546-8699,Jiangkou
50-705-1985,Zsazsa,Dabs,zdabsok@i2i.jp,Female,282-689-3443,Mayo
23-065-9411,Herold,Steljes,hsteljesol@mayoclinic.com,Male,493-468-4334,Semampirbarat
15-223-2816,Corella,Pieters,cpietersom@t.co,Female,587-873-1706,Pitogo
59-909-0369,Dasi,Carthy,dcarthyon@toplist.cz,Female,297-557-2355,San Vicente Pacaya
66-080-1113,Vito,Driussi,vdriussioo@vkontakte.ru,Agender,404-663-1597,Shaoyang
48-785-2581,Mortimer,Lednor,mlednorop@livejournal.com,Male,948-698-4680,Bigaan
04-686-5849,Essa,Figger,efiggeroq@time.com,Female,182-874-9778,Vila Chã
99-137-9082,Worthy,Gartshore,wgartshoreor@newyorker.com,Male,913-424-3824,Qiaojia
71-858-5081,Louis,Pull,lpullos@google.nl,Male,674-621-1713,Smiltene
40-730-8137,Kent,Gitsham,kgitshamot@purevolume.com,Male,331-504-6170,Bojongaren
66-811-3590,Erhart,Castane,ecastaneou@narod.ru,Polygender,178-856-0373,Cidamar
29-808-6640,Katine,Hutt,khuttov@icq.com,Genderqueer,136-187-9210,São Bartolomeu
23-511-8965,Dollie,Etty,dettyow@mtv.com,Female,918-534-0508,Xinan
42-517-7584,Lizzy,Biscomb,lbiscombox@sitemeter.com,Genderqueer,131-830-6108,Burträsk
78-864-0649,Peder,Treasure,ptreasureoy@smugmug.com,Male,525-964-3351,Kabalo
85-249-3378,Evvie,Corbin,ecorbinoz@opera.com,Female,911-290-8630,Solec Nad Wisłą
78-125-0966,Kimball,Hartlebury,khartleburyp0@last.fm,Male,239-188-0148,Gengcheng
16-954-0224,Trumann,Colleford,tcollefordp1@baidu.com,Male,563-679-2177,Uglich
29-957-6633,Joy,Penk,jpenkp2@ycombinator.com,Female,387-295-3781,Kalmar
66-250-1288,Levy,de Zamora,ldezamorap3@ted.com,Male,385-662-2068,Tagkawayan Sabang
32-620-8504,Ursa,Allred,uallredp4@icio.us,Agender,532-849-7914,Las Junturas
56-424-9365,Doe,Colbert,dcolbertp5@digg.com,Female,112-513-4477,Jiaxian Chengguanzhen
16-113-8815,Dorine,Frankom,dfrankomp6@amazon.de,Female,244-749-6373,Guangli
00-296-9377,Lynnell,Humberston,lhumberstonp7@narod.ru,Female,948-372-4640,Urayasu
95-087-8416,Amata,Goldhawk,agoldhawkp8@deviantart.com,Female,221-826-6199,Cienfuegos
06-253-1091,Riordan,Blunkett,rblunkettp9@bing.com,Male,917-301-1032,Zaliznychne
28-748-7389,Tito,Vanichkin,tvanichkinpa@noaa.gov,Male,905-190-5199,Bancar
95-140-4313,Ronald,Conkie,rconkiepb@livejournal.com,Male,888-231-8229,Bayrachky
59-450-9544,Elysia,Fallawe,efallawepc@census.gov,Female,180-255-6534,Padangbai
31-260-8034,Bab,Rayne,braynepd@gravatar.com,Female,217-835-0445,Solnechnogorsk
24-302-2047,Janeta,Goldthorp,jgoldthorppe@eventbrite.com,Polygender,331-442-0182,Пласница
17-571-1824,Dewey,Bellefonte,dbellefontepf@ovh.net,Agender,625-810-7880,Sanli
62-126-4548,Brockie,Yakuntsov,byakuntsovpg@ebay.co.uk,Male,873-334-6596,Xiqiao
23-158-1028,Krispin,Pauleau,kpauleauph@ehow.com,Male,350-184-5455,Hägersten
68-925-3409,Kimberlee,Hampe,khampepi@dot.gov,Female,456-593-5189,Poroshkovo
05-074-6236,Barty,Bog,bbogpj@tamu.edu,Male,237-250-1762,Ngangpo
74-913-9141,Gerhardt,Saladine,gsaladinepk@slashdot.org,Male,453-426-5988,Camacha
05-732-6033,Nina,Kilday,nkildaypl@scientificamerican.com,Female,310-107-5952,Kitimat
52-606-2794,Paulie,Blackett,pblackettpm@wix.com,Bigender,170-111-0654,Bonao
24-313-2686,Marjy,Loins,mloinspn@taobao.com,Female,211-671-3307,Dapdapan
40-095-5087,Fields,Itzakson,fitzaksonpo@wix.com,Male,424-229-2777,Jiangkou
34-666-4130,Kellia,Sleith,ksleithpp@mozilla.org,Female,446-967-4349,Aykol
09-986-0089,Matilda,Impey,mimpeypq@usda.gov,Female,777-132-2146,Candelaria
49-785-2549,Maxim,Bramsen,mbramsenpr@smh.com.au,Male,764-240-4761,Nyzhnya Krynka
74-326-9438,Edi,Calafate,ecalafateps@cargocollective.com,Female,824-673-8620,Černá Hora
84-299-6835,Henrie,Soldner,hsoldnerpt@amazonaws.com,Female,774-993-5955,Mohelnice
46-813-3634,Gavan,Glackin,gglackinpu@huffingtonpost.com,Male,106-420-8117,Áthyra
75-886-6080,Carlene,Burgett,cburgettpv@nytimes.com,Genderqueer,339-652-4108,Kawengan
22-932-7116,Rania,Mell,rmellpw@posterous.com,Female,868-220-6558,Changping
49-833-6584,Odella,Huggen,ohuggenpx@dion.ne.jp,Female,288-197-2948,Chodów
44-296-2454,Cedric,Gurnay,cgurnaypy@nydailynews.com,Male,217-771-2332,Springfield
03-170-8556,Alysa,Dann,adannpz@weather.com,Polygender,963-452-2515,Koh Tao
76-013-2822,Weider,McElvogue,wmcelvogueq0@t-online.de,Male,852-678-7929,Kaniów
98-775-3232,Mellisa,Rolingson,mrolingsonq1@latimes.com,Female,486-202-5060,Jiangnan
13-979-2725,Max,Kinnen,mkinnenq2@issuu.com,Male,902-868-1766,Būsh
46-895-1752,Decca,Dallicott,ddallicottq3@kickstarter.com,Male,151-453-6997,Armenia
18-878-9342,Agata,Garraway,agarrawayq4@sfgate.com,Female,222-789-4865,Kot Sultan
08-796-6883,Frasier,Georgescu,fgeorgescuq5@ocn.ne.jp,Male,759-132-2105,Kyjov
54-459-9521,Jere,Stickles,jsticklesq6@wsj.com,Male,655-208-5902,Porsgrunn
95-744-0509,Hamel,Pedrocco,hpedroccoq7@xing.com,Male,583-378-7849,Khagrachhari
39-480-4750,Lucas,Balderston,lbalderstonq8@merriam-webster.com,Male,481-227-3867,Kaliningrad
78-153-4710,Amalee,Shemelt,ashemeltq9@yale.edu,Female,118-268-1901,Concepcion
92-834-6161,Charlene,Rapi,crapiqa@seesaa.net,Agender,386-744-8001,Dushan
27-960-4575,Omar,Whissell,owhissellqb@yolasite.com,Male,190-424-6693,Warungsugan
54-726-1460,Coralyn,Benedettini,cbenedettiniqc@flavors.me,Female,943-329-8311,Vyksa
14-033-9920,Lura,Crick,lcrickqd@upenn.edu,Female,156-573-7219,Świecie nad Osą
19-465-7914,Lilith,Deinhardt,ldeinhardtqe@mayoclinic.com,Female,447-603-1224,Jeremoabo
67-980-8237,Britt,Wey,bweyqf@scribd.com,Male,532-835-5783,Growong Kidul
96-061-8206,Kingsly,Hake,khakeqg@utexas.edu,Male,961-812-1925,Xiaozhen
20-673-4248,Janessa,Atack,jatackqh@topsy.com,Agender,971-975-5230,Mikhaylovsk
53-932-0929,Constantine,Costley,ccostleyqi@examiner.com,Female,985-125-1585,Tvŭrditsa
64-257-3007,Fredia,Dawidowitsch,fdawidowitschqj@wikispaces.com,Non-binary,241-812-9596,Mekarsari
32-095-6148,Sofia,Davitashvili,sdavitashviliqk@yolasite.com,Genderfluid,641-439-7662,Mwinilunga
56-826-2995,Sully,Morshead,smorsheadql@goodreads.com,Male,992-936-4527,Citeluk
13-291-7846,Esteban,Guiduzzi,eguiduzziqm@over-blog.com,Male,744-652-8909,Quinta da Courela
95-734-1416,Alejandra,Kleisle,akleisleqn@etsy.com,Female,402-361-4584,San Miguelito
78-506-7490,Virgie,Goodrich,vgoodrichqo@arizona.edu,Male,534-351-7437,Boulaide
12-914-1026,Hildagard,Callan,hcallanqp@goo.gl,Female,435-531-9786,Huwan
34-550-0482,Carlin,Gauthorpp,cgauthorppqq@engadget.com,Female,297-525-5302,Şafāshahr
61-617-0495,Mab,Cleverly,mcleverlyqr@icio.us,Female,897-165-8967,Jiguaní
45-713-0463,Kylila,Kissock,kkissockqs@lulu.com,Female,309-853-5323,Ilaya
71-036-2482,Emmye,Pitrelli,epitrelliqt@zimbio.com,Female,235-632-9503,Hasaki
52-393-4648,Jordan,Hulstrom,jhulstromqu@gizmodo.com,Female,444-365-5644,Arīḩā
96-390-4770,Conan,Hounsome,chounsomeqv@seesaa.net,Male,575-469-2119,Hatu Buh
80-188-9205,Mill,Suff,msuffqw@tamu.edu,Male,103-906-5862,Issia
94-664-5232,Kerri,Siddle,ksiddleqx@disqus.com,Female,723-890-8805,Balykchy
46-687-2689,Ara,Pullan,apullanqy@quantcast.com,Female,681-878-2338,Johor Bahru
82-406-5159,Debera,Puleston,dpulestonqz@xinhuanet.com,Female,770-186-1832,Prachuap Khiri Khan
02-728-2345,Igor,Halliday,ihallidayr0@elpais.com,Male,823-356-0509,Gurbuki
00-589-9172,Nessi,Kupec,nkupecr1@ebay.com,Female,718-970-5232,Manna
87-288-1325,Iggie,Costerd,icosterdr2@geocities.com,Male,944-744-5531,Caoping
14-093-5886,Camel,McKeran,cmckeranr3@amazon.co.jp,Female,845-632-9074,Bazha
39-257-3136,Micaela,Lukehurst,mlukehurstr4@nsw.gov.au,Female,591-558-5446,Farafangana
24-332-1788,Fabio,Sercombe,fsercomber5@sphinn.com,Male,760-856-4714,Siewierz
39-339-5311,Lin,Toopin,ltoopinr6@tumblr.com,Male,459-376-5355,Nilópolis
27-227-8964,Bax,Swinfon,bswinfonr7@wufoo.com,Male,932-455-9142,Tarłów
31-581-5168,Lil,Phaup,lphaupr8@theguardian.com,Female,807-772-9016,Čelinac
47-406-4170,Avram,Persey,aperseyr9@scientificamerican.com,Male,143-967-3881,Sipirok
26-796-5185,Sibyl,Mustoo,smustoora@ucsd.edu,Non-binary,826-347-8026,Novovolyns’k
92-617-7766,Cordy,Vine,cvinerb@latimes.com,Male,886-240-6307,Bijela
07-369-0120,Staci,Desesquelle,sdesesquellerc@macromedia.com,Polygender,185-990-4521,Lolayan
45-880-2172,Finley,Krinks,fkrinksrd@ibm.com,Male,558-640-7015,Khuean Ubonrat
82-498-5575,Gracie,Croydon,gcroydonre@eventbrite.com,Female,289-537-6131,Sumberjati
21-128-3713,Flory,Landis,flandisrf@cdbaby.com,Male,680-520-8874,Fengcun
10-671-5906,Lemmy,Sultana,lsultanarg@i2i.jp,Male,276-717-2294,‘Amd
67-738-5448,Cliff,Brookfield,cbrookfieldrh@newsvine.com,Male,335-165-3612,Lovisa
26-743-0198,Zackariah,Tarbard,ztarbardri@comsenz.com,Male,140-514-8657,Lubao
88-860-4960,Marysa,Von Salzberg,mvonsalzbergrj@foxnews.com,Female,928-291-5530,Yurino
03-358-7879,Lebbie,Kinvig,lkinvigrk@nsw.gov.au,Female,716-360-9170,Guoduwan
57-557-9327,Georgie,Markie,gmarkierl@spotify.com,Male,963-462-5371,Ujungpangkah
31-477-6965,Gusti,Daykin,gdaykinrm@sun.com,Female,288-340-0007,Yutou
73-482-8600,Korrie,Biford,kbifordrn@java.com,Female,466-354-1477,Xintun
73-719-5519,Alaster,Thornebarrow,athornebarrowro@nytimes.com,Male,555-703-2471,Umeå
48-814-0608,Henryetta,Karmel,hkarmelrp@adobe.com,Female,889-583-3402,Chifeng
73-214-8142,Mela,Drewry,mdrewryrq@naver.com,Female,369-222-8111,Mölndal
02-647-4213,Dewie,Lindhe,dlindherr@nbcnews.com,Male,136-939-5162,Juexi
